drugbank_id,name,description,simple_description,half_life,half_life_unit,half_life_unit_mixed,half_life_n_records,half_life_hours,food_interaction_count,food_interactions_text
DB00047,Insulin glargine,"Insulin glargine is a long-acting form of insulin used for the treatment of hyperglycemia caused by Type 1 and Type 2 Diabetes. Insulin is typically prescribed for the management of diabetes mellitus to mimic the activity of endogenously produced human insulin, a peptide hormone produced by beta cells of the pancreas that promotes glucose metabolism. Insulin is released from the pancreas following a meal to promote the uptake of glucose from the blood into internal organs and tissues such as the liver, fat cells, and skeletal muscle. Absorption of glucose into cells allows for its transformation into glycogen or fat for storage. Insulin also inhibits hepatic glucose production, enhances protein synthesis, and inhibits lipolysis and proteolysis.

Insulin is an important treatment in the management of Type 1 Diabetes (T1D), which is caused by an autoimmune reaction that destroys the beta cells of the pancreas, resulting in the body not being able to produce or synthesize the insulin needed to manage circulating blood sugar levels. As a result, people with T1D rely primarily on exogenous forms of insulin, such as insulin glargine, to lower glucose levels in the blood. Insulin is also used in the treatment of Type 2 Diabetes (T2D), another form of diabetes mellitus that is a slowly progressing metabolic disorder caused by a combination of genetic and lifestyle factors that promote chronically elevated blood sugar levels. Without treatment or improvement in non-pharmacological measures such as diet and exercise to lower blood glucose, high blood sugar eventually causes cellular resistance to endogenous insulin, and in the long term, damage to pancreatic islet cells. Insulin is typically prescribed later in the course of T2D, after several oral medications such as [DB00331], [DB01120], or [DB01261] have been tried, when sufficient damage has been caused to pancreatic cells that the body is no longer able to produce insulin on its own. 

Available as the brand name product Lantus, insulin glargine has a duration of action up to 24 hours allowing for once-daily dosing, typically at bedtime. Due to its duration of action, Lantus is considered ""basal insulin"" as it provides low concentrations of background insulin that can keep blood sugar stable between meals or overnight. Basal insulin is often combined with short-acting ""bolus insulin"" such as [DB00046], [DB01309], and [DB01306] to provide higher doses of insulin that are required following meals. Use of basal and bolus insulin together is intended to mimic the pancreas' production of endogenous insulin, with a goal of avoiding any periods of hypoglycemia. 

Insulin glargine is also available as the biosimilar, or ""follow-on"" product, Basaglar in the US and as Abasaglar in the EU. As of 2015, insulin glargine was reformulated by Sanofi as the product Toujeo in an extra-concentrated form containing 300IU/mL (compared to 100IU/mL contained in Lantus). Use of the higher concentrated Toujeo as compared to Lantus results in slightly different pharmacokinetics, with a later onset (up to 6 hours) and duration of action (up to 30 hours). In 2021, another biosimilar, Semglee (insulin glargine-yfgn),[L34959] became the first interchangeable (with Lantus) biosimilar insulin to receive FDA approval.[L34964]

Insulin glargine is produced by recombinant DNA technology using a non-pathogenic laboratory strain of Escherichia coli (K12) as the production organism. Insulin glargine differs from endogenous human insulin by the replacement of an asparagine residue at position A21 of the A-chain with glycine and addition of two arginines to the C-terminus (positions B31 and 32) of the B-chain. The resulting protein is soluble at pH 4 and forms microprecipitates at physiological pH 7.4 allowing for the slow release of small amounts of insulin glargine, giving the drug a long duration of action and no pronounced peak concentration.

Without an adequate supply of insulin to promote absorption of glucose from the bloodstream, blood sugar levels can climb to dangerously high levels and can result in symptoms such as fatigue, headache, blurred vision, and increased thirst. If left untreated, the body starts to break down fat, instead of glucose, for energy which results in a build-up of ketone acids in the blood and a syndrome called ketoacidosis, which is a life-threatening medical emergency. In the long term, elevated blood sugar levels increase the risk of heart attack, stroke, and diabetic neuropathy.",A medication used to control blood sugars in diabetes.,,,,,,0,
DB00126,Ascorbic acid,"A six carbon compound related to glucose. It is found naturally in citrus fruits and many vegetables. Ascorbic acid is an essential nutrient in human diets, and necessary to maintain connective tissue and bone. Its biologically active form, vitamin C, functions as a reducing agent and coenzyme in several metabolic pathways. Vitamin C is considered an antioxidant.",A nutrient commonly found in a wide variety of multivitamins.,9.7,days,True,2.0,193.7,1,"Avoid multivalent ions. Do not infuse with elemental compounds that can be reduced, such as copper."
DB00158,Folic acid,"Folic acid, also known as folate or Vitamin B9, is a member of the B vitamin family and an essential cofactor for enzymes involved in DNA and RNA synthesis. More specifically, folic acid is required by the body for the synthesis of purines, pyrimidines, and methionine before incorporation into DNA or protein. Folic acid is particularly important during phases of rapid cell division, such as infancy, pregnancy, and erythropoiesis, and plays a protective factor in the development of cancer. As humans are unable to synthesize folic acid endogenously, diet and supplementation is necessary to prevent deficiencies. For example, folic acid is present in green vegetables, beans, avocado, and some fruits.[L5744]

In order to function within the body, folic acid must first be reduced by the enzyme dihydrofolate reductase (DHFR) into the cofactors dihydrofolate (DHF) and tetrahydrofolate (THF). This important pathway, which is required for de novo synthesis of nucleic acids and amino acids, is disrupted by anti-metabolite therapies such as [DB00563] as they function as DHFR inhibitors to prevent DNA synthesis in rapidly dividing cells, and therefore prevent the formation of DHF and THF. When used in high doses such as for cancer therapy, or in low doses such as for Rheumatoid Arthritis or psoriasis, [DB00563] impedes the body's ability to create folic acid. This results in a deficiency of coenzymes and a resultant buildup of toxic substances that are responsible for numerous adverse side effects. As a result, supplementation with 1-5mg of folic acid is recommended to prevent deficiency and a number of side effects associated with MTX therapy including mouth ulcers and gastrointestinal irritation. [DB00650] (also known as folinic acid) supplementation is typically used for high-dose MTX regimens for the treatment of cancer. Levoleucovorin and leucovorin are analogs of tetrahydrofolate (THF) and are able to bypass DHFR reduction to act as a cellular replacement for the co-factor THF.

There are also several antiepileptic drugs (AEDs) that are associated with reduced serum and red blood cell folate, including [DB00564] (CBZ), [DB00252] (PHT), or barbiturates.[A37004] Folic acid is therefore often provided as supplementation to individuals using these medications, particularly to women of child-bearing age. 

Inadequate folate levels can result in a number of health concerns including cardiovascular disease, megaloblastic anemias, cognitive deficiencies, and neural tube defects (NTDs). Folic acid is typically supplemented during pregnancy to prevent the development of NTDs and in individuals with alcoholism to prevent the development of neurological disorders, for example.",A nutrient found in many supplements that is used to treat some types of anemia.,,,,,,0,
DB00169,Cholecalciferol,"Vitamin D, in general, is a secosteroid generated in the skin when 7-dehydrocholesterol located there interacts with ultraviolet irradiation - like that commonly found in sunlight [L5689]. Both the endogenous form of vitamin D (that results from 7-dehydrocholesterol transformation), vitamin D3 (cholecalciferol), and the plant-derived form, vitamin D2 (ergocalciferol), are considered the main forms of vitamin d and are found in various types of food for daily intake [L5689]. Structurally, ergocalciferol differs from cholecalciferol in that it possesses a double bond between C22 and C23 and has an additional methyl group at C24 [L5689]. Finally, ergocalciferol is pharmacologically less potent than cholecalciferol, which makes vitamin D3 the preferred agent for medical use [L5689].

Appropriate levels of vitamin D must be upheld in the body in order to maintain calcium and phosphorus levels in a healthy physiologic range to sustain a variety of metabolic functions, transcription regulation, and bone metabolism [A223, L5689, L1782, L5771, F4027, F4042, F4048]. However, studies are also ongoing to determine whether or not cholecalciferol may also play certain roles in cancer, autoimmune disorders, cardiovascular disease, and other medical conditions that may be associated with vitamin D deficiency [L5689].",A medication found in many nutritional supplements and multivitamins that is used to treat conditions related to low vitamin D levels.,50.0,days,False,1.0,1200.0,0,
DB00178,Ramipril,"Ramipril is a prodrug belonging to the angiotensin-converting enzyme (ACE) inhibitor class of medications. It is metabolized to ramiprilat in the liver and, to a lesser extent, kidneys. Ramiprilat is a potent, competitive inhibitor of ACE, the enzyme responsible for the conversion of angiotensin I (ATI) to angiotensin II (ATII). ATII regulates blood pressure and is a key component of the renin-angiotensin-aldosterone system (RAAS). Ramipril may be used in the treatment of hypertension, congestive heart failure, nephropathy, and to reduce the rate of death, myocardial infarction and stroke in individuals at high risk of cardiovascular events.",A medication used to lower blood pressure and to reduce the risk of potentially fatal heart complications after a heart attack.,20.2,hours,False,5.0,20.2,2,Avoid potassium-containing products. Potassium products increase the risk of hyperkalemia. || Take with or without food. The absorption is unaffected by food.
DB00200,Hydroxocobalamin,"Hydroxocobalamin, also known as vitamin B12a and hydroxycobalamin, is an injectable form of vitamin B 12 that has been used therapeutically to treat vitamin B 12 deficiency. It is also used in cyanide poisoning, Leber's optic atrophy, and toxic amblyopia.",A medication used to treat cyanide poisoning or conditions that affect the levels of vitamin B12.,6.0,days,False,1.0,144.0,0,
DB00215,Citalopram,"Citalopram is an antidepressant belonging to the class of selective _serotonin-reuptake inhibitors_ (SSRIs) widely used to treat the symptoms of depression. It is a racemic bicyclic phthalate derivate and is the only compound with a tertiary amine and 2 nitrogen-containing metabolites among all SSRIs.[A261316,A14720] Citalopram enhances serotonergic transmission through the inhibition of serotonin reuptake, and among all the SSRIs, citalopram appears to be the most selective toward serotonin reuptake inhibition.[A261316,A14720] Specifically, it has a very minimal effect on dopamine and norepinephrine transportation and virtually no affinity for muscarinic, histaminergic, or GABAergic receptors.[A261316]

Citalopram was approved by the FDA in 1998 for the treatment of depression in adults 18 years or older.[L5230]",A medication used to treat depression.,35.0,hours,False,1.0,35.0,3,Avoid alcohol. || Avoid St. John's Wort. Co-administration of St. John's Wort with citalopram can increase the risk of serotonin syndrome. || Take with or without food. The absorption is unaffected by food.
DB00230,Pregabalin,"Pregabalin is structurally similar to gamma-aminobutyric acid (GABA) - an inhibitory neurotransmitter.[A173995] It may be used to manage neuropathic pain, postherpetic neuralgia, and fibromyalgia among other conditions.[A187190] Although as per the FDA Label the mechanism of action has not been definitively characterized, there is evidence that pregabalin exerts its effects by binding to the α2δ subunit of voltage-dependent calcium channels.[A187190,L7066] Pregabalin is marketed by Pfizer under the trade name Lyrica and Lyrica Cr (extended release).[L1006,L7066] It may have dependence liability if misused but the risk appears to be highest in patients with current or past substance use disorders.[A31161]",A medication used to treat a variety of painful conditions caused by nerve damage and fibromyalgia and to treat some types of seizures.,6.3,hours,False,1.0,6.3,2,"Avoid alcohol. Alcohol may increase CNS effects. || Take with or without food. Food alters drug absorption, but not to a clinically significant extent."
DB00254,Doxycycline,Doxycycline is a broad-spectrum antibiotic synthetically derived from [oxytetracycline].[L42880] It is a second-generation tetracycline that was first discovered in 1967.[A19429] Second-generation tetracyclines exhibit lesser toxicity than first-generation tetracyclines.[A174034] Doxycycline is used to treat a wide variety of gram-positive and gram-negative bacterial infections. It is also used to treat acne and malaria.[A251730],An antibiotic used to treat a wide variety of infections in the body.,,,,,,2,"Avoid multivalent ions. The absorption of tetracyclines is reduced when taken with foods, especially those which contain calcium. || Take with or without food. The absorption of tetracyclines is reduced when taken with foods, but not to a significant extent. If gastric irritation occurs, it is recommended that doxycycline be given with food or milk."
DB00295,Morphine,"Morphine, the main alkaloid of opium, was first obtained from poppy seeds in 1805.[A176035] It is a potent analgesic, though its use is limited due to tolerance, withdrawal, and the risk of abuse.[A176050] Morphine is still routinely used today, though there are a number of semi-synthetic opioids of varying strength such as [codeine], [fentanyl], [methadone], [hydrocodone], [hydromorphone], [meperidine], and [oxycodone].

Morphine was granted FDA approval in 1941.[L12114]",A strong painkiller that treats both short and long term pain that is considered moderate to severe.,2.0,hours,False,1.0,2.0,2,"Avoid alcohol. Concomitant use may lead to profound sedation, respiratory depression, coma, and death. || Take with or without food. There is no significant different in the AUC or Cmax of oral extended release tablets when taken with or without food."
DB00301,Flucloxacillin,Antibiotic analog of [cloxacillin].,An antibiotic used to treat infections in the skin and tissues caused by certain types of bacteria.,0.75,hours,False,1.0,0.75,1,Take on an empty stomach.
DB00316,Acetaminophen,"Acetaminophen (paracetamol), also commonly known as _Tylenol_, is the most commonly taken analgesic worldwide and is recommended as first-line therapy in pain conditions by the World Health Organization (WHO).[A176318] It is also used for its antipyretic effects, helping to reduce fever.[F4124] This drug was initially approved by the U.S. FDA in 1951 and is available in a variety of forms including syrup form, regular tablets, effervescent tablets, injection, suppository, and other forms.[L5756,L5774,F4124]

Acetaminophen is often found combined with other drugs in more than 600 over the counter (OTC) allergy medications, cold medications, sleep medications, pain relievers, and other products.[L5783] Confusion about dosing of this drug may be caused by the availability of different formulas, strengths, and dosage instructions for children of different ages.[L5783] Due to the possibility of fatal overdose and liver failure associated with the incorrect use of acetaminophen, it is important to follow current and available national and manufacturer dosing guidelines while this drug is taken or prescribed.[L5786,L5789,L4396]

On September 22, 2025, the US FDA initiated a labeling change for acetaminophen products suggesting that the use of acetaminophen by pregnant women may be associated with an increased risk of neurological conditions such as autism and ADHD in children.[L53926] While the FDA updated labeling to caution about potential risks, large studies,[A274401,A274406,A275418] national and international health authorities,[L53941,L53946,L53951] and professional organizations - including the Society of Obstetricians and Gynaecologists of Canada (SOGC)[L53931] and the American College of Obstetricians and Gynecologists (ACOG)[L53936]- maintain that acetaminophen use in pregnancy remains a first-line therapeutic option when used at the lowest effective dose for the shortest required duration.",A medication used to reduce fever and treat pain.,3.25,hours,False,2.0,3.25,2,Avoid alcohol. Alcohol may increase the risk of hepatotoxicity. || Take with or without food. The absorption is unaffected by food.
DB00318,Codeine,"The relief of pain (analgesia) is a primary goal for enhancing the quality of life of patients and for increasing the ability of patients to engage in day to day activities. Codeine, an opioid analgesic, was originally approved in the US in 1950 and is a drug used to decrease pain by increasing the threshold for pain without impairing consciousness or altering other sensory functions. Opiates such as codeine are derived from the poppy plant, _Papaver somniferum_ (Papaveraceae).[A175096]

Codeine is utilized as a central analgesic, sedative, hypnotic, antinociceptive, and antiperistaltic agent, and is also recommended in certain diseases with incessant coughing.[LABEL,A175096]",A strong painkiller that treats moderate to severe pain when appropriate.,3.0,hours,False,1.0,3.0,2,Avoid alcohol. || Take with food. Food reduces irritation.
DB00321,Amitriptyline,"Amitriptyline is a tricyclic antidepressant that has been used to treat depression for decades. ELAVIL, a previously approved branded product of amitriptyline, was first approved by the FDA in 1961.[A259342] Amitriptyline has been investigated in the treatment of pain-related conditions, attributed to its analgesic properties.[A174661]",A medication used to treat symptoms of depression and anxiety that can be related to depression.,25.0,hours,False,1.0,25.0,4,Avoid alcohol. || Avoid St. John's Wort. || Limit caffeine intake. || Take with food. Food reduces irritation.
DB00331,Metformin,"Metformin is a biguanide antihyperglycemic agent and first-line pharmacotherapy used in the management of type II diabetes.[L12207,A176173] 

Metformin is considered an antihyperglycemic drug because it lowers blood glucose concentrations in type II diabetes without causing hypoglycemia. It is commonly described as an ""insulin sensitizer"", leading to a decrease in insulin resistance and a clinically significant reduction of plasma fasting insulin levels.[A176173] Another well-known benefit of this drug is modest weight loss, making it an effective choice for obese patients type II diabetes.[A36559]

Metformin was first approved in Canada in 1972,[A36552] and received subsequent FDA approval in the US in 1995.[L12207]",A medication used alongside diet and exercise to control blood sugar in patients with type 2 diabetes.,11.9,hours,False,2.0,11.9,2,Avoid alcohol. || Take with food. Food reduces irritation.
DB00334,Olanzapine,"Olanzapine is a thienobenzodiazepine derivative and an atypical or second-generation antipsychotic agent.[A176996] Its chemical structure contains a thieno[2,3-b][1,5]benzodiazepine core, and has a methyl group attached to the piperazine ring. The second-generation antipsychotics were introduced in the 90s and quickly gained traction due to their impressive efficacy, reduced risk for extrapyramidal side effects and reduced susceptibility to drug-drug interactions.[A177011] Olanzapine was discovered by scientists at Eli Lilly and approved to be marketed in the US in 1996.[T548]","A medication used to treat a variety of psychiatric conditions such as bipolar disorder and schizophrenia, as well as agitation that is related to psychiatric conditions.",30.0,hours,False,1.0,30.0,2,Avoid alcohol. Alcohol may potentiate CNS adverse effects and orthostatic hypotension. || Take with or without food. The absorption of olanzapine is unaffected by food.
DB00338,Omeprazole,"Originally approved by the FDA in 1989, omeprazole is a _proton-pump inhibitor_, used to treat gastric acid-related disorders. These disorders may include gastroesophageal reflux disease (GERD), peptic ulcer disease, and other diseases characterized by the oversecretion of gastric acid.  This drug was the first clinical useful drug in its class, and its approval was followed by the formulation of many other proton pump inhibitor drugs [A174232]. Omeprazole is generally effective and well-tolerated, promoting its popular use in children and adults [FDA label].","A medication used to improve the symptoms of heartburn, and to treat related conditions such as ulcers, tissue damage and infection with the bacteria called H. pylori.",1.75,hours,False,2.0,1.75,1,Take before a meal. Allow 30-60 minutes before a meal.
DB00341,Cetirizine,"Cetirizine, also commonly known as _Zyrtec_, is an orally active second-generation histamine H1 antagonist proven effective in the treatment of various allergic symptoms, such as sneezing, coughing, nasal congestion, hives, and other symptoms [A175051], [A175054]. 

One of the most common uses for this drug is for a condition called _allergic rhinitis_. The prevalence of allergic rhinitis in the United States is about 15% according to physician diagnoses, and up to 30%, according to self-reported nasal symptoms. Allergic rhinitis is associated with multiple missed or unproductive days at work and school, problems with sleep, and other difficulties with day to day activities for many individuals [A175057]. Furthermore, some antihistamine agents that are used to treat this condition cause undesirable, sedating effects [A175060]. 

Cetirizine is one of the first second-generation H1 antihistamines (SGAHs) formulated to selectively inhibit the H1 receptor without sedating effects [A175054].","A medication used to treat the symptoms of allergies such as runny nose, red and watery eyes, as well as itchiness.",8.3,hours,False,1.0,8.3,2,Avoid alcohol. || Take with or without food. The absorption is unaffected by food.
DB00381,Amlodipine,"Amlodipine, initially approved by the FDA in 1987, is a popular antihypertensive drug belonging to the group of drugs called _dihydropyridine calcium channel blockers_.  Due to their selectivity for the peripheral blood vessels, dihydropyridine calcium channel blockers are associated with a lower incidence of myocardial depression and cardiac conduction abnormalities than other calcium channel blockers [A175327].

Amlodipine is commonly used in the treatment of high blood pressure and angina. Amlodipine has antioxidant properties and an ability to enhance the production of nitric oxide (NO), an important vasodilator that decreases blood pressure [A175321].  The option for single daily dosing of amlodipine is an attractive feature of this drug [FDA label].",A heart medication used to treat high blood pressure and chest pain caused by heart disease.,43.0,hours,False,2.0,43.0,3,Avoid grapefruit products. || Avoid natural licorice. || Take with or without food. The absorption is unaffected by food.
DB00394,Beclomethasone dipropionate,"Beclomethasone dipropionate is a second-generation[A179842] synthetic corticosteroid and diester of beclomethasone, which is structurally similar to [dexamethasone].[L6871] It is a prodrug of an active metabolite beclomethasone 17-monopropionate (17-BMP)[A179839] which acts on the glucocorticoid receptor to mediates its therapeutic action. Beclomethasone dipropionate itself posesses weak glucocorticoid receptor binding affinity and is rapidly converted into 17-BMP upon administration.[A179839] Formulations for oral inhalation, intranasal, and topical use are available for beclomethasone dipropionate. Beclomethasone dipropionate became first available in a pressurized metered-dose inhaler in 1972 and later in a dry powder inhaler and an aqueous nasal spray.[A179839] Due to its anti-inflammatory, antipruritic, and anti-allergy properties, beclomethasone dipropionate is used in various inflammatory conditions, such as asthma, allergic rhinitis, and dermatoses to reduce symptoms. When inhaled, it is proposed that beclomethasone dipropionate remains active locally in the lung without causing significant side effects associated with systemic corticosteroids.[A180010] Compared to earlier corticosteroids such as [dexamethasone] and [prednisolone], beclomethasone dipropionate is reported to be less irritating to the nasal mucosa with a longer duration of action when administered intranasally.[A179848]",An inhaled medication taken over the long term to manage asthma and prevent asthma attacks.,0.5,hours,False,1.0,0.5,0,
DB00417,Phenoxymethylpenicillin,"Phenoxymethylpenicillin is a narrow spectrum antibiotic also commonly referred to as Penicillin V or Penicillin VK.[A178609] It is a phenoxymethyl analog of Penicillin G, or [benzylpenicillin]. An orally active naturally penicillin, phenoxymethylpenicillin is used to treat mild to moderate infections in the respiratory tract, skin, and soft tissues caused by penicillin G­-sensitive microorganisms. Phenoxymethylpenicillin has also be used in some cases as prophylaxis against susceptible organisms. While there have been no controlled clinical efficacy studies that were conducted, phenoxymethylpenicillin has been suggested by the American Heart Association and the American Dental Association for use as an oral regimen for prophylaxis against bacterial endocarditis in patients with congenital heart disease or rheumatic or other acquired valvular heart disease when they undergo dental procedures and surgical procedures of the upper respiratory tract, except for those who are at an elevated risk for endocarditis.[label]","A type of penicillin antibiotic that is used to prevent and treat various skin, respiratory and other infections in the body caused by bacteria.",15.0,hours,True,2.0,0.25,1,Take on an empty stomach. Absorption is increased 1 hour before or 2 hours after food.
DB00436,Bendroflumethiazide,"A thiazide diuretic with actions and uses similar to those of hydrochlorothiazide. It has been used in the treatment of familial hyperkalemia, hypertension, edema, and urinary tract disorders. (From Martindale, The Extra Pharmacopoeia, 30th ed, p810)","A medication used to treat body swelling caused by fluid buildup, high blood pressure, and to stop unwanted breast milk production.",8.5,hours,False,1.0,8.5,1,Take with food. Food increases bioavailability.
DB00440,Trimethoprim,"Trimethoprim is an antifolate antibacterial agent that inhibits bacterial dihydrofolate reductase (DHFR), a critical enzyme that catalyzes the formation of tetrahydrofolic acid (THF) - in doing so, it prevents the synthesis of bacterial DNA and ultimately continued bacterial survival.[L11893] Trimethoprim is often used in combination with [sulfamethoxazole] due to their complementary and synergistic mechanisms but may be used as a monotherapy in the treatment and/or prophylaxis of urinary tract infections.[L11893,L11830] It is structurally and chemically related to [pyrimethamine], another antifolate antimicrobial used in the treatment of plasmodial infections.[T707]","An antibiotic used on its own to treat urinary tract infections, or in combination with other antibiotics to treat a variety of eye, lung, and gastrointestinal infections.",8.0,hours,False,1.0,8.0,0,
DB00448,Lansoprazole,"Lansoprazole marketed under the brand Prevacid, is a proton pump inhibitor (PPI) and is structurally classified as a substituted benzimidazole.[A177065] It reduces gastric acid secretion by targeting gastric H,K-ATPase pumps and is thus effective at promoting healing in ulcerative diseases, and treating gastroesophageal reflux disease (GERD) along with other pathologies caused by excessive acid secretion.[A177053]",A medication used to treat acid reflux (heartburn) and to help heal stomach ulcers.,0.6,hours,False,3.0,0.6,1,Take before a meal. Take 30-60 minutes before meals.
DB00451,Levothyroxine,"Levothyroxine is a synthetically produced form of thyroxine, a major endogenous hormone secreted by the thyroid gland.[F4633] Also known as L-thyroxine or the brand name product Synthroid, levothyroxine is used primarily to treat hypothyroidism, a condition where the thyroid gland is no longer able to produce sufficient quantities of the thyroid hormones T<sub>4</sub> (tetraiodothyronine or thyroxine) and T<sub>3</sub> (triiodothyronine or [DB00279]), resulting in diminished down-stream effects of these hormones. Without sufficient quantities of circulating thyroid hormones, symptoms of hypothyroidism begin to develop such as fatigue, increased heart rate, depression[A179620], dry skin and hair, muscle cramps, constipation, weight gain, memory impairment, and poor tolerance to cold temperatures.[F4636,A35722]

In response to Thyroid Stimulating Hormone (TSH) release by the pituitary gland, a normally functioning thyroid gland will produce and secrete T<sub>4</sub>, which is then converted through deiodination (by type I or type II 5′-deiodinases)[A179941] into its active metabolite T<sub>3</sub>. While T<sub>4</sub> is the major product secreted by the thyroid gland,  T<sub>3</sub> exerts the majority of the physiological effects of the thyroid hormones; T<sub>4</sub> and T<sub>3</sub> have a relative potency of ~1:4 (T4:T3).[F4633] T<sub>4</sub> and T<sub>3</sub> act on nearly every cell of the body, but have a particularly strong effect on the cardiac system.[A179935] As a result, many cardiac functions including heart rate, cardiac output, and systemic vascular resistance are closely linked to thyroid status.[A179938]

Prior to the development of levothyroxine, [DB09100] or desiccated thyroid, used to be the mainstay of treatment for hypothyroidism. However, this is no longer recommended for the majority of patients due to several clinical concerns including limited controlled trials supporting its use. Desiccated thyroid products contain a ratio of T4 to T3 of 4.2:1, which is significantly lower than the 14:1 ratio of secretion by the human thyroid gland. This higher proportion of T3 in desiccated thyroid products can lead to supraphysiologic levels of T3 which may put patients at risk of thyrotoxicosis if thyroid extract therapy is not adjusted according to the serum TSH.[A35722, F4636]",A medication used to treat patients with low levels of thyroid hormone.,3.5,days,False,2.0,84.0,6,"Avoid calcium supplements/calcium rich foods. Calcium may interfere with the absorption of this drug by forming an insoluble complex. Separate medication administration by at least 4 hours. || Avoid grapefruit products. Grapefruit may delay the absorption of this medication. || Avoid iron supplements. Iron may interfere with the absorption of this drug by forming an insoluble complex. Separate medication administration by at least 4 hours. || Avoid multivalent ions. Examples include iron, magnesium, and calcium. These are often found in antacids, vitamins, and supplements - separate medication administration by at least 4 hours. || Do not take with bran and high fiber foods. Dietary fiber, soybean flour, cottonseed meal, and walnuts may reduce the absorption of levothyroxine. || Take on an empty stomach. Levothyroxine should be taken on an empty stomach 30-60 minutes prior to the first meal of the day."
DB00455,Loratadine,"Loratadine is a second generation antihistamine used to manage symptoms of allergic rhinitis.[A176435] A lack of sedative and CNS adverse effects make loratadine, along with other second generation antihistamines, preferable over their 1st generation counterparts in many clinical situations.[A176441]",A medication used to manage allergy symptoms such as itchy eyes and runny nose.,10.0,hours,False,1.0,10.0,0,
DB00471,Montelukast,"Montelukast was first approved for clinical use by the US FDA in 1998 as Merck's brand name Singulair.[L6301] The medication is a member of the leukotriene receptor antagonist (LTRA) category of drugs.[L6301,L6304,L6307,L6310,L6325,L6328,L6331] Although capable of demonstrating effectiveness, the use of such LTRAs like montelukast is typically in addition to or complementary with the use of inhaled corticosteroids or other agents in asthma step therapy.[A178645] Regardless, in 2008-2009, there were FDA-led investigations into the possibility of montelukast to elicit neuropsychiatric effects like agitation, hallucinations, suicidal behaviour, and others in individuals who used the medication.[A178651] And although these kinds of effects are currently included in the official prescribing information for montelukast,[L6301,L6304,L6307,L6310,L6325,L6328,L6331] the drug still sees extensive use worldwide via millions of prescriptions annually and has since become available as a generic and as a brand name product.","A medication used to treat asthma, exercise related breathing problems, and a runny nose due to allergies.",2.7,hours,False,1.0,2.7,1,Take with or without food. The absorption is unaffected by food.
DB00472,Fluoxetine,"Fluoxetine is a 2nd generation antidepressant categorized as a selective serotonin reuptake inhibitor (SSRI).[A181673] It gained FDA approval in 1987 and although it was initially intended for the treatment of depression, today it is commonly prescribed to manage depression in addition to various other pathologies.[L7721]","A medication used to treat major depression, obsessive compulsive disorder, and panic disorders.",2.5,days,False,2.0,60.0,2,Avoid alcohol. || Take with or without food.
DB00501,Cimetidine,"A histamine congener, it competitively inhibits histamine binding to histamine H2 receptors. Cimetidine has a range of pharmacological actions. It inhibits gastric acid secretion, as well as pepsin and gastrins output. It also blocks the activity of cytochrome P-450 which might explain proposals for use in neoadjuvant therapy.","A medication used to treat acid reflux, stomach ulcers, and indigestion.",2.0,hours,False,1.0,2.0,1,"Take with food. Food increases bioavailability. For prophylaxis of gastric symptoms, take cimetidine 30-60 minutes prior to food administration."
DB00514,Dextromethorphan,"Dextromethorphan is a levorphanol derivative and codeine analog commonly used as a cough suppressant and also a drug of abuse.[A215412] Although similar in structure to other opioids, it has minimal interaction with opioid receptors.[A215412]

Dextromethorphan was granted FDA approval before 3 December 1957.[A215412,L14997]",A medication used to treat a dry cough.,3.0,hours,False,1.0,3.0,1,Take with or without food. The absorption is unaffected by food.
DB00563,Methotrexate,"Methotrexate is a folate derivative that inhibits several enzymes responsible for nucleotide synthesis.[A180322] This inhibition leads to suppression of inflammation as well as prevention of cell division.[A180322] Because of these effects, methotrexate is often used to treat inflammation caused by arthritis or to control cell division in neoplastic diseases such as breast cancer and non-Hodgkin's lymphoma.[A180322,L7144,L7147,L7150,L7180]

Due to the toxic effects of methotrexate, it is indicated for treatment of some forms of arthritis and severe psoriasis only if first line treatment has failed or patients are intolerant of those treatments.[L7180]

Methotrexate was granted FDA approval on 7 December 1953.[L7198]",A medication used to treat many types of cancer as well as arthritis and severe psoriasis.,3.15,hours,False,4.0,3.15,5,Avoid alcohol. || Avoid milk and dairy products. Milk and dairy products reduce absorption. || Exercise caution with St. John's Wort. || Limit caffeine intake. Caffeine may reduce the effectiveness of methotrexate. || Take with or without food.
DB00581,Lactulose,"Lactulose is a synthetic disaccharide derivative of lactose that is most commonly used as a laxative agent despite also being formally indicated to serve as an adjunct therapy in treating portal-systemic encephalopathy (PSE).[FDA Label,L6199,L6202] Despite being first synthesized in 1929[A178081], investigations regarding its possible use as a laxative for the treatment of chronic constipation did not occur until the 1960s and its first clinical use for treating PSE was not until 1966.[L6202] 

Nevertheless, although lactulose received formal FDA approval in 1977 and has since become a readily available generic and brand-name non-prescription medication listed on the World Health Organization's List of Essential Medicines as one of the most effective and safe medicines employed in a health system[L6205], data regarding its optimal place in therapy is often ambiguous.[L6202]

Especially considering the use of lactulose as a laxative is typically only considered after lifestyle and dietary modifications fail and the fact that lactulose therapy cannot be ethically withheld from patients diagnosed with PSE in a placebo study, the substance may just be one of many options available for treating constipation and its efficacy in managing PSE may never be formally confirmed or refuted via clinical investigation.[L6202]",A medication used to treat constipation.,,,,,,2,Drink plenty of fluids. This drug may cause fluid loss. || Take with or without food.
DB00612,Bisoprolol,"Bisoprolol is a cardioselective β1-adrenergic blocking agent used to treat high blood pressure.[A180472,L7219] It is considered a potent drug with a long-half life that can be used once daily to reduce the need for multiple doses of antihypertensive drugs.[A180472] Bisoprolol is generally well tolerated, likely due to its β1-adrenergic receptor selectivity and is a useful alternative to non-selective β-blocker drugs in the treatment of hypertension such as [Carvedilol] and [Labetalol]. It may be used alone or in combination with other drugs to manage hypertension[L7219] and can be useful in patients with chronic obstructive pulmonary disease (COPD) due to its receptor selectivity.[A180562]","A medication used to treat high blood pressure and chest pain, as well as to prevent heart attacks and heart failure.",12.833333333333334,hours,False,3.0,12.833333333333334,1,Take with or without food. The absorption is unaffected by food.
DB00641,Simvastatin,"Simvastatin, also known as the brand name product Zocor, is a lipid-lowering drug derived synthetically from a fermentation product of _Aspergillus terreus_. It belongs to the statin class of medications, which are used to lower the risk of cardiovascular disease and manage abnormal lipid levels by inhibiting the endogenous production of cholesterol in the liver. More specifically, statin medications competitively inhibit the enzyme hydroxymethylglutaryl-coenzyme A (HMG-CoA) Reductase,[A181421] which catalyzes the conversion of HMG-CoA to mevalonic acid and is the third step in a sequence of metabolic reactions involved in the production of several compounds involved in lipid metabolism and transport including cholesterol, low-density lipoprotein (LDL) (sometimes referred to as ""bad cholesterol""), and very low-density lipoprotein (VLDL). Prescribing of statin medications is considered standard practice following any cardiovascular events and for people with a moderate to high risk of development of CVD, such as those with Type 2 Diabetes. The clear evidence of the benefit of statin use coupled with very minimal side effects or long term effects has resulted in this class becoming one of the most widely prescribed medications in North America.[A181087, A181406]

Simvastatin and other drugs from the statin class of medications including [atorvastatin], [pravastatin], [rosuvastatin], [fluvastatin], and [lovastatin] are considered first-line options for the treatment of dyslipidemia.[A181087, A181406] Increasing use of the statin class of drugs is largely due to the fact that cardiovascular disease (CVD), which includes heart attack, atherosclerosis, angina, peripheral artery disease, and stroke, has become a leading cause of death in high-income countries and a major cause of morbidity around the world.[A181084] Elevated cholesterol levels, and in particular, elevated low-density lipoprotein (LDL) levels, are an important risk factor for the development of CVD.[A181087,A181553] Use of statins to target and reduce LDL levels has been shown in a number of landmark studies to significantly reduce the risk of development of CVD and all-cause mortality.[A181090,A181093,A181096,A181427,A181475,A181538] Statins are considered a cost-effective treatment option for CVD due to their evidence of reducing all-cause mortality including fatal and non-fatal CVD as well as the need for surgical revascularization or angioplasty following a heart attack.[A181087, A181406] Evidence has shown that even for low-risk individuals (with <10% risk of a major vascular event occurring within 5 years) statins cause a 20%-22% relative reduction in major cardiovascular events (heart attack, stroke, coronary revascularization, and coronary death) for every 1 mmol/L reduction in LDL without any significant side effects or risks.[A181397, A181403]

While all statin medications are considered equally effective from a clinical standpoint, [rosuvastatin] is considered the most potent; doses of 10 to 40mg [rosuvastatin] per day were found in clinical studies to result in a 45.8% to 54.6% decrease in LDL cholesterol levels, while simvastatin has been found to have an average decrease in LDL-C of ~35%.[A181409,A181535,A181538,A1793] Potency is thought to correlate to tissue permeability as the more lipophilic statins such as simvastatin are thought to enter endothelial cells by passive diffusion, as opposed to hydrophilic statins such as [pravastatin] and [rosuvastatin] which are taken up into hepatocytes through OATP1B1 (organic anion transporter protein 1B1)-mediated transport.[A181424,A181460] Despite these differences in potency, several trials have demonstrated only minimal differences in terms of clinical outcomes between statins.[A181427]",A medication used to treat high cholesterol and reduce the risk of cardiovascular disease including heart attacks and stroke.,4.85,hours,False,1.0,4.85,1,Avoid grapefruit products. Co-administration with grapefruit products may increase the risk for adverse effects such as myalgia.
DB00678,Losartan,"Losartan is an angiotensin II receptor blocker (ARB) used to treat hypertension.[L7423] Angiotensin-converting enzyme (ACE) inhibitors are used for a similar indication but are associated with a cough.[L7423] When patients with ACE inhibitor associated coughs are switched to ARBs like losartan, they have an incidence of cough similar to placebo or [hydrochlorothiazide].[L7423] Losartan is available as losartan potassium oral tablets as well as a combination tablet of losartan potassium and hydrochlorothiazide.[L7423,L7426] Patients taking losartan should have their renal function and potassium levels monitored.[L7423] Losartan was granted FDA approval on 14 April 1995.[L7423]","A medication used to treat high blood pressure and kidney problems in diabetes, and to reduce the risk of having a stroke.",1.5,hours,False,1.0,1.5,2,"Take at the same time every day. || Take with or without food. Food delays absorption, but does not affect the extent of absorption."
DB00682,Warfarin,"Warfarin is an anticoagulant drug normally used to prevent blood clot formation as well as migration. Although originally marketed as a pesticide (d-Con, Rodex, among others), Warfarin has since become the most frequently prescribed oral anticoagulant in North America. Warfarin has several properties that should be noted when used medicinally, including its ability to cross the placental barrier during pregnancy which can result in fetal bleeding, spontaneous abortion, preterm birth, stillbirth, and neonatal death. Additional adverse effects such as necrosis, purple toe syndrome, osteoporosis, valve and artery calcification, and drug interactions have also been documented with warfarin use. Warfarin does not actually affect blood viscosity, rather, it inhibits vitamin-k dependent synthesis of biologically active forms of various clotting factors in addition to several regulatory factors.",A medication used to prevent the formation of blood clots in the body.,,,,,,5,"Avoid drastic dietary changes. || Avoid foods rich in vitamin K. Vitamin K in foods such as leafy vegetables can reduce warfarin efficacy. || Avoid grapefruit products. They may interfere with warfarin metabolism and increase INR, increasing the risk of bleeding. || Avoid herbs and supplements with anticoagulant/antiplatelet activity. Examples include garlic, ginger, bilberry, danshen, piracetam, and ginkgo biloba. || Avoid St. John's Wort. This drug may reduce warfarin efficacy."
DB00695,Furosemide,"Furosemide is a potent loop diuretic that acts on the kidneys to ultimately increase water loss from the body. It is an anthranilic acid derivative.[L7958] Furosemide is used for edema secondary to various clinical conditions, such as congestive heart failure exacerbation, liver failure, renal failure, and high blood pressure.[L7961] It mainly works by inhibiting electrolyte reabsorption from the kidneys and enhancing the excretion of water from the body. Furosemide has a fast onset and short duration of action and has been used safely and effectively in both pediatric and adult patients.[A182495] The use of furosemide is particularly beneficial in clinical settings that require a drug with a higher diuretic potential. In addition to oral formulations, the solution for intravenous and intramuscular administration is also available, which is typically limited to patients who are unable to take oral medication or for patients in emergency clinical situations.[L7958]",A medication used to treat high blood pressure and body swelling in certain medical conditions.,8.625,hours,False,4.0,8.625,3,"Avoid excessive or chronic alcohol consumption. Alcohol increases the risk of orthostatic hypotension. || Avoid natural licorice. Avoid licorice in large amounts, as it may lead to hypokalemia. || Increase consumption of potassium-rich foods. This medication may cause potassium depletion. Foods containing potassium include bananas and orange juice."
DB00698,Nitrofurantoin,"Nitrofurantoin is a nitrofuran antibiotic used to treat uncomplicated urinary tract infections.[L6856,L6859,L6862] Nitrofurantoin is converted by bacterial nitroreductases to electrophilic intermediates which inhibit the citric acid cycle as well as synthesis of DNA, RNA, and protein.[A179824] This drug is more resistant to the development of bacterial resistance because it acts on many targets at once.[A179824] Nitrofurantoin is a second line treatment to [trimethoprim]/[sulfamethoxazole].[A179830]

Nitrofurantoin was granted FDA approval on 6 February 1953.[L6895]",An antibiotic used to treat urine infections (also known as UTIs or urinary tract infections).,0.72,hours,False,1.0,0.72,1,Take with food. Food decreases irritation and increases bioavailability.
DB00722,Lisinopril,"Lisinopril is an angiotensin converting enzyme inhibitor (ACEI) used to treat hypertension, heart failure, and myocardial infarction.[L8384,L8387,L8390] Lisinopril and [captopril] are the only ACEIs that are not prodrugs.[A184853] It functions by inhibition of angiotensin converting enzyme as well as the renin angiotensin aldosterone system.[A184781,A184808,A184817] ACEIs are commonly used as a first line therapy in the treatment of hypertension, along with thiazide diuretics or beta blockers.[A184844]

Lisinopril was granted FDA approval on 29 December 1987.[L8384]","A medication used to lower blood pressure, slow the progression of heart failure, and treat heart attacks.",29.650000000000002,hours,False,2.0,29.650000000000002,4,"Avoid hypertensive herbs (e.g. bayberry, blue cohosh, cayenne, ephedra, and licorice). || Avoid potassium-containing products. Potassium products increase the risk of hyperkalemia. || Limit salt intake. Salt may attenuate the antihypertensive effect. || Take with or without food. The absorption is unaffected by food."
DB00758,Clopidogrel,"Clopidogrel is a prodrug of a platelet inhibitor used to reduce the risk of myocardial infarction and stroke.[A180508,L7213] Clopidogrel is indicated to reduce the risk of myocardial infarction for patients with non-ST elevated acute coronary syndrome (ACS), patients with ST-elevated myocardial infarction, and in recent MI, stroke, or established peripheral arterial disease,[L7213]

It has been shown to be superior to [aspirin] in reducing cardiovascular outcomes in patients with cardiovascular disease and provides additional benefit to patients with acute coronary syndromes already taking aspirin.[A180547]

Clopidogrel was granted FDA approval on 17 November 1997.[L7213]",A medication used to prevent blood clots in certain medical conditions.,6.0,hours,False,1.0,6.0,1,Take with or without food.
DB00780,Phenelzine,"Phenelzine, with the formula β-phenylethylhydrazine, is a monoamine oxidase inhibiting antidepressant that is effective in the treatment of panic disorder and social anxiety disorder.[A15753] It was developed by Parke Davis and originally FDA approved on June 9th, 1961. It is currently approved under prescription by the name of Nardil.",A medication used to treat specific types of depression.,11.6,hours,False,1.0,11.6,4,"Avoid alcohol. || Avoid St. John's Wort. Administering phenelzine with St. John's Wort may increase the risk of serotonin syndrome. || Avoid tyramine-containing foods and supplements. Tyramine-containing foods and beverages can cause a sudden elevation in blood pressure or a hypertensive crisis. Foods that contain tyramine include aged cheese, ripe bananas, red wine, some alcoholic beverages (beer), cured food, pickled food, and fava beans. || Limit caffeine intake. Excess caffeine intake can also cause a hypertensive crisis."
DB00788,Naproxen,"Naproxen is classified as a nonsteroidal anti-inflammatory dug (NSAID) and was initially approved for prescription use in 1976 and then for over-the-counter (OTC) use in 1994.[A178975] It can effectively manage acute pain as well as pain related to rheumatic diseases, and has a well studied adverse effect profile.[A179098] Given its overall tolerability and effectiveness, naproxen can be considered a first line treatment for a variety of clinical situations requiring analgesia.[A179098] Naproxen is available in both immediate and delayed release formulations, in combination with sumatriptan to treat migraines, and in combination with esomeprazole to lower the risk of developing gastric ulcers.[L6582][L6583][L7309][L7312]","A painkiller used to treat some types of arthritis, joint inflammation, menstrual pain, and mild to moderate pain.",12.0,hours,False,1.0,12.0,1,Take with food. Food reduces GI irritation.
DB00852,Pseudoephedrine,"Pseudoephedrine is structurally related to [ephedrine] but exerts a weaker effect on the sympathetic nervous system.[A188820,A188823] Both drugs naturally occur in in ephedra plant which have a history of use in traditional Eastern medicine and were first researched in the west in 1889.[A188823] The decongestant effect of pseudoephedrine was described in dogs in 1927.[A188823]",A medication used to treat congestion and a runny nose.,6.0,hours,False,1.0,6.0,1,Take with or without food. The absorption is unaffected by food.
DB00945,Acetylsalicylic acid,"Also known as _Aspirin_, acetylsalicylic acid (ASA) is a commonly used drug for the treatment of pain and fever due to various causes. Acetylsalicylic acid has both anti-inflammatory and antipyretic effects.  This drug also inhibits platelet aggregation and is used in the prevention of blood clots stroke, and myocardial infarction (MI) [FDA label].  

Interestingly, the results of various studies have demonstrated that long-term use of acetylsalicylic acid may decrease the risk of various cancers, including colorectal, esophageal, breast, lung, prostate, liver and skin cancer [A177325]. Aspirin is classified as a _non-selective cyclooxygenase (COX) inhibitor_ [A32682, A177268] and is available in many doses and forms, including chewable tablets, suppositories, extended release formulations, and others [L5968]. 

Acetylsalicylic acid is a very common cause of accidental poisoning in young children. It should be kept out of reach from young children, toddlers, and infants [FDA label].","A painkiller used to treat pain, fever, inflammation, and migraines, as well as reduce the risk of heart attacks, strokes, and other events.",13.0,minutes,False,1.0,0.21666666666666667,4,"Avoid alcohol. Alcohol increases the risk of gastrointestinal bleeding. || Avoid herbs and supplements with anticoagulant/antiplatelet activity. Examples include garlic, ginger, bilberry, danshen, piracetam, and ginkgo biloba. || Take after a meal. This reduces irritating gastrointestinal effects. || Take with a full glass of water."
DB00950,Fexofenadine,"Fexofenadine is an over-the-counter second-generation antihistamine used in the treatment of various allergic symptoms.[L4269] It is selective for the H<sub>1</sub> receptor, carries little-to-no activity at off-targets, and does not cross the blood-brain barrier[L10779] - this is in contrast to previous first-generation antihistamines, such as [diphenhydramine], which readily bind to off-targets that contribute to side effects such as sedation.[A1452] Fexofenadine is the major active metabolite of [terfenadine][A1495] and is administered as a racemic mixture in which both enantiomers display approximately equivalent antihistamine activity.[L10779]",A medication used to treat allergic symptoms such as itchy skin and a runny nose.,11.0,hours,False,1.0,11.0,2,"Avoid fruit juice. Fruit juices like grapefruit, orange, and apple may reduce bioavailability and overall exposure to the medication. || Take with or without food. Co-administration with food does not significantly affect absorption."
DB00996,Gabapentin,"Gabapentin is a structural analogue of the inhibitory neurotransmitter gamma-aminobutyric acid ([GABA]) that was first approved for use in the United States in 1993.[L8717] It was originally developed as a novel anti-epileptic for the treatment of certain types of seizures[A186277,A186143] - today it is also widely used to treat neuropathic pain.[A14097,A186179] Gabapentin has some stark advantages as compared with other anti-epileptics, such as a relatively benign adverse effect profile, wide therapeutic index, and lack of appreciable metabolism making it unlikely to participate in pharmacokinetic drug interactions.[A186143,A185981,L8717]. It is structurally and functionally related to another GABA derivative, [pregabalin].",A medication used to treat certain types of seizures and nerve pain.,28.5,hours,False,2.0,28.5,2,"Avoid alcohol. Gabapentin possesses CNS depressant activity that may be potentiated by co-administration with alcohol. || Take with or without food. Co-administration with food slightly alters pharmacokinetics, but not to a clinically significant extent."
DB01001,Albuterol,"Salbutamol (Albuterol [USAN]) is a short-acting, selective beta2-adrenergic receptor agonist used in the treatment of asthma and COPD. It is 29 times more selective for beta2 receptors than beta1 receptors giving it higher specificity for pulmonary beta receptors versus beta1-adrenergic receptors located in the heart. Salbutamol is formulated as a racemic mixture of the R- and S-isomers. The R-isomer has 150 times greater affinity for the beta2-receptor than the S-isomer and the S-isomer has been associated with toxicity. This lead to the development of levalbuterol, the single R-isomer of salbutamol. However, the high cost of levalbuterol compared to salbutamol has deterred wide-spread use of this enantiomerically pure version of the drug. Salbutamol is generally used for acute episodes of bronchospasm caused by bronchial asthma, chronic bronchitis and other chronic bronchopulmonary disorders such as chronic obstructive pulmonary disorder (COPD). It is also used prophylactically for exercise-induced asthma.[Label,A174379,A174400]",A medication used to treat lung conditions including asthma.,3.65,hours,False,2.0,3.65,0,
DB01050,Ibuprofen,"Ibuprofen is a non-steroidal anti-inflammatory drug (NSAID) derived from propionic acid and it is considered the first of the propionics.[A39074] The formula of ibuprofen is 2-(4-isobutylphenyl) propionic acid and its initial development was in 1960 while researching for a safer alternative for aspirin.[A39075] Ibuprofen was finally patented in 1961 and this drug was first launched against rheumatoid arthritis in the UK in 1969 and USA in 1974. It was the first available over-the-counter NSAID.[A39076]

On the available products, ibuprofen is administered as a racemic mixture. Once administered, the R-enantiomer undergoes extensive interconversion to the S-enantiomer _in vivo_ by the activity of the alpha-methylacyl-CoA racemase. In particular, it is generally proposed that the S-enantiomer is capable of eliciting stronger pharmacological activity than the R-enantiomer.[A39194]","A pain medication used to reduce fever, pain, and inflammation.",2.15,hours,False,2.0,2.15,2,Avoid alcohol. || Take with food. Food reduces irritation.
DB01060,Amoxicillin,"Amoxicillin, or BRL-2333, is a penicillin G derivative first described in the literature in 1972.[A190648] Amoxicillin has similar activity to [penicillin] and [ampicillin], but leads to higher serum concentrations than ampicillin.[A190648]

Amoxicillin was granted FDA approval on 18 January 1974.[L11644]",A penicillin antibiotic use to treat a wide variety of infections in the body.,61.3,minutes,False,1.0,1.0216666666666665,1,Take with food.
DB01076,Atorvastatin,"Atorvastatin (Lipitor®), is a lipid-lowering drug included in the statin class of medications. By inhibiting the endogenous production of cholesterol in the liver, statins lower abnormal cholesterol and lipid levels, and ultimately reduce the risk of cardiovascular disease. More specifically, statin medications competitively inhibit the enzyme hydroxymethylglutaryl-coenzyme A (HMG-CoA) Reductase,[A181421] which catalyzes the conversion of HMG-CoA to mevalonic acid. This conversion is a critical metabolic reaction involved in the production of several compounds involved in lipid metabolism and transport, including cholesterol, low-density lipoprotein (LDL) (sometimes referred to as ""bad cholesterol""), and very-low-density lipoprotein (VLDL). Prescribing statins is considered standard practice for patients following any cardiovascular event, and for people who are at moderate to high risk of developing cardiovascular disease. The evidence supporting statin use, coupled with minimal side effects and long term benefits, has resulted in wide use of this medication in North America.[A181087, A181406]

Atorvastatin and other statins including [lovastatin], [pravastatin], [rosuvastatin], [fluvastatin], and [simvastatin] are considered first-line treatment options for dyslipidemia.[A181087, A181406] The increasing use of this class of drugs is largely attributed to the rise in cardiovascular diseases (CVD) (such as heart attack, atherosclerosis, angina, peripheral artery disease, and stroke) in many countries.[A181084] An elevated cholesterol level (elevated low-density lipoprotein (LDL) levels in particular) is a significant risk factor for the development of CVD.[A181087,A181553] Several landmark studies demonstrate that the use of statins is associated with both a reduction in LDL levels and CVD risk.[A181090,A181093,A181096,A181427,A181475,A181538] Statins were shown to reduce the incidences of all-cause mortality, including fatal and non-fatal CVD, as well as the need for surgical revascularization or angioplasty following a heart attack.[A181087, A181406] Some evidence has shown that even for low-risk individuals (with <10% risk of a major vascular event occurring within five years) statin use leads to a 20%-22% relative reduction in the number of major cardiovascular events (heart attack, stroke, coronary revascularization, and coronary death) for every 1 mmol/L reduction in LDL without any significant side effects or risks.[A181397, A181403]

Atorvastatin was first synthesized in 1985 by Dr. Bruce Roth and approved by the FDA in 1996.[T568] It is a pentasubstituted pyrrole [A177415] formed by two contrasting moieties with an achiral heterocyclic core unit and a 3,5-dihydroxypentanoyl side chain identical to its parent compound.[T571] Unlike other members of the statin group, atorvastatin is an active compound and therefore does not require activation.[A177436]",A medication used to lower the amount of cholesterol in the blood and decrease the chance of having a heart attack or stroke.,14.0,hours,False,1.0,14.0,2,Avoid grapefruit products. Grapefruit products may increase the risk for atorvastatin related adverse effects such as myopathy and rhabdomyolysis. || Take with or without food. Food decreases absorption but not to a clinically significant extent.
DB01098,Rosuvastatin,"Rosuvastatin, also known as the brand name product Crestor, is a lipid-lowering drug that belongs to the statin class of medications, which are used to lower the risk of cardiovascular disease and manage elevated lipid levels by inhibiting the endogenous production of cholesterol in the liver. More specifically, statin medications competitively inhibit the enzyme hydroxymethylglutaryl-coenzyme A (HMG-CoA) Reductase,[A181421] which catalyzes the conversion of HMG-CoA to mevalonic acid and is the third step in a sequence of metabolic reactions involved in the production of several compounds involved in lipid metabolism and transport including cholesterol, low-density lipoprotein (LDL) (sometimes referred to as ""bad cholesterol""), and very low-density lipoprotein (VLDL). Prescribing of statin medications is considered standard practice following any cardiovascular events and for people with a moderate to high risk of development of CVD, such as those with Type 2 Diabetes. The clear evidence of the benefit of statin use coupled with very minimal side effects or long term effects has resulted in this class becoming one of the most widely prescribed medications in North America.[A181087, A181406]

Rosuvastatin and other drugs from the statin class of medications including [atorvastatin], [pravastatin], [simvastatin], [fluvastatin], and [lovastatin] are considered first-line options for the treatment of dyslipidemia.[A181087, A181406] This is largely due to the fact that cardiovascular disease (CVD), which includes heart attack, atherosclerosis, angina, peripheral artery disease, and stroke, has become a leading cause of death in high-income countries and a major cause of morbidity around the world.[A181084] Elevated cholesterol levels, and in particular, elevated low-density lipoprotein (LDL) levels, are an important risk factor for the development of CVD.[A181087,A181553] Use of statins to target and reduce LDL levels has been shown in a number of landmark studies to significantly reduce the risk of development of CVD and all-cause mortality.[A181090,A181093,A181096,A181427,A181475,A181538] Statins are considered a cost-effective treatment option for CVD due to their evidence of reducing all-cause mortality including fatal and non-fatal CVD as well as the need for surgical revascularization or angioplasty following a heart attack.[A181087, A181406] Evidence has shown that even for low-risk individuals (with <10% risk of a major vascular event occurring within 5 years) statins cause a 20%-22% relative reduction in major cardiovascular events (heart attack, stroke, coronary revascularization, and coronary death) for every 1 mmol/L reduction in LDL without any significant side effects or risks.[A181397, A181403]

While all statin medications are considered equally effective from a clinical standpoint, rosuvastatin is considered the most potent; doses of 10 to 40mg rosuvastatin per day were found in clinical studies to result in a 45.8% to 54.6% decreases in LDL cholesterol levels, which is about three-fold more potent than [atorvastatin]'s effects on LDL cholesterol.[A181409,A1793] However, the results of the SATURN trial[A181427] concluded that despite this difference in potency, there was no difference in their effect on the progression of coronary atherosclerosis.

Rosuvastatin is also a unique member of the class of statins due to its high hydrophilicity which increases hepatic uptake at the site of action, low bioavailability, and minimal metabolism via the Cytochrome P450 system.[A181523] This last point results in less risk of drug-drug interactions compared to [atorvastatin], [lovastatin], and [simvastatin], which are all extensively metabolized by Cytochrome P450 (CYP) 3A4, an enzyme involved in the metabolism of many commonly used drugs.[A181460] Drugs such as [ciclosporin], [gemfibrozil], and some antiretrovirals are more likely to interact with this statin through antagonism of OATP1B1 organic anion transporter protein 1B1-mediated hepatic uptake of rosuvastatin.[F4649, F4652]",A medication used to treat high cholesterol and reduce the risk of cardiovascular disease including heart attacks and stroke.,19.0,hours,False,1.0,19.0,1,Take with or without food. Co-administration with food does not affect absorption.
DB01104,Sertraline,"Sertraline is a popular antidepressant medication commonly known as a selective serotonin reuptake inhibitor (SSRI), and is similar to drugs such as [Citalopram] and [Fluoxetine]. Despite marked structural differences between compounds in this drug class, SSRIs exert similar pharmacological effects.

Several weeks of therapy with sertraline may be required before beneficial effects are noticed. Sertraline displays enhanced safety or tolerability than other classes of antidepressants, which frequently cause high levels of drowsiness, dizziness, blurred vision, and other undesirable effects.[A1846,A187075,T28]","An antidepressant used to treat depression, anxiety and a variety of other psychiatric disorders.",24.0,hours,False,2.0,24.0,2,Avoid St. John's Wort. || Take with or without food.
DB01114,Chlorpheniramine,"A histamine H1 antagonist used in allergic reactions, hay fever, rhinitis, urticaria, and asthma. It has also been used in veterinary applications. One of the most widely used of the classical antihistaminics, it generally causes less drowsiness and sedation than promethazine.",A medication used to treat allergy symptoms such as cough.,21.0,hours,False,1.0,21.0,2,Avoid alcohol. || Take with food.
DB01129,Rabeprazole,"Rabeprazole is an antiulcer drug in the class of proton pump inhibitors. It is a prodrug - in the acid environment of the parietal cells it turns into active sulphenamide form. Rabeprazole inhibits the H+, K+ATPase of the coating gastric cells and dose-dependent oppresses basal and stimulated gastric acid secretion.",A medication used to treat acid reflux and to help heal stomach ulcers.,1.0,hours,False,1.0,1.0,1,"Take with or without food. Food delays drug absorption, but not to a clinically significant extent."
DB01167,Itraconazole,"First synthesized in the early 1980s, itraconazole is a broad-spectrum triazole antifungal agent used to treat a variety of infections.[A34257] It is a 1:1:1:1 racemic mixture of four diastereomers, made up of two enantiomeric pairs, each possessing three chiral centers.[L50051] Itraconazole was first approved in the US in 1992 [L50056] and is available orally. While the intravenous formulation of the drug was formerly available, it was discontinued in the US in 2007.[A263232]",A medication used to treat various fungal infections.,21.0,hours,False,1.0,21.0,2,"Exercise caution with grapefruit products. While there is inconclusive evidence of the effect of grapefruit products on the systemic exposure to itraconazole, they may affect drug absorption. || Take with food. Food promotes maximal absorption of itraconazole."
DB01175,Escitalopram,"Escitalopram is a selective serotonin re-uptake inhibitor (SSRI) and the S-enantiomer of racemic [citalopram].[A185420] It is used to restore serotonergic function in the treatment of depression and anxiety.[L8513,L8516,L8522] Escitalopram is approximately 150 times more potent than citalopram’s R-enantiomer and is responsible for the vast majority of citalopram’s clinical activity, with some evidence suggesting that the R-enantiomer of racemic citalopram actively dampens the activity of escitalopram rather than existing simply as an inactive enantiomer.[A39738,A185819] Amongst SSRIs, escitalopram exerts the highest degree of selectivity for the serotonin transporter (SERT) relative to other off-targets which may explain its lower rates of adverse effects as compared to other agents in this class.[A185726] Escitalopram also differentiates itself from other SSRIs via allosteric action on its target - this may be the mechanism responsible for its observed superior efficacy and faster onset compared to other SSRIs.[A185825,A185726,A185822]",A medication used to treat depression and anxiety.,27.0,hours,False,1.0,27.0,2,Avoid alcohol. The combined use of alcohol with psychotropic medications should be avoided. || Take with or without food. The absorption is unaffected by food.
DB01211,Clarithromycin,"Clarithromycin, a semisynthetic macrolide antibiotic derived from erythromycin, inhibits bacterial protein synthesis by binding to the bacterial 50S ribosomal subunit. Binding inhibits peptidyl transferase activity and interferes with amino acid translocation during the translation and protein assembly process. Clarithromycin may be bacteriostatic or bactericidal depending on the organism and drug concentration.","An antibiotic used to treat various bacterial infections in the body, including the skin, ear, and stomach.",3.0,hours,False,1.0,3.0,1,Take with food. Food increases absorption.
DB01222,Budesonide,"Budesonide is a glucocorticoid that is a mix of the 22R and 22S epimer used to treat inflammatory conditions of the lungs and intestines such as asthma, COPD, Crohn's disease, and ulcerative colitis.[A188529,A188532]

Budesonide was granted FDA approval on 14 February 1994.[L10598] It is also available in a combination product with [formoterol].[L10619]","A medication used to treat conditions of the lungs and intestines, as well as some seasonal allergies.",2.3,hours,False,2.0,2.3,1,"Take with or without food. Food delays drug absorption, but not to a clinically significant extent."
DB01224,Quetiapine,"Initially approved by the FDA in 1997, quetiapine is a second-generation atypical antipsychotic used in schizophrenia, major depression, and bipolar disorder.[L8546] Quetiapine demonstrates a high level of therapeutic efficacy and low risk of adverse effects during long-term treatment. It is well-tolerated and a suitable option for some patients with high sensitivity to other drugs, such as [clozapine] and [olanzapine].[A2189]","A medication used to treat schizophrenia, and certain types of depression, including bipolar disorder.",6.0,hours,False,1.0,6.0,2,"Avoid alcohol. || Take with or without food. If taken with food, take with a light meal."
DB01261,Sitagliptin,"Sitagliptin is an oral dipeptidyl peptidase-4 (DPP-4) inhibitor used in conjunction with diet and exercise to improve glycemic control in patients with type 2 diabetes mellitus[FDA label,A2260,A2255,A2256]. The effect of this medication leads to glucose dependent increases in insulin and decreases in glucagon to improve control of blood sugar[FDA label,A2255]. Sitagliptin was granted FDA approval on October 16, 2006[L6061].",A medication used to control blood sugar in type 2 diabetes.,11.7,hours,False,2.0,11.7,1,Take with or without food.
DB01306,Insulin aspart,"Insulin aspart is a rapid-acting form of insulin used for the treatment of hyperglycemia caused by Type 1 and Type 2 Diabetes. Insulin is typically prescribed for the management of diabetes mellitus to mimic the activity of endogenously produced human insulin, a peptide hormone produced by beta cells of the pancreas that promotes glucose metabolism. Insulin is released from the pancreas following a meal to promote the uptake of glucose from the blood into internal organs and tissues such as the liver, fat cells, and skeletal muscle. Absorption of glucose into cells allows for its transformation into glycogen or fat for storage. Insulin also inhibits hepatic glucose production, enhances protein synthesis, and inhibits lipolysis and proteolysis among many other functions.

Insulin is an important treatment in the management of Type 1 Diabetes (T1D) which is caused by an autoimmune reaction that destroys the beta cells of the pancreas, resulting in the body not being able to produce or synthesize the insulin needed to manage circulating blood sugar levels. As a result, people with T1D rely primarily on exogenous forms of insulin, such as insulin aspart, to lower glucose levels in the blood. Insulin is also used in the treatment of Type 2 Diabetes (T2D), another form of diabetes mellitus that is a slowly progressing metabolic disorder caused by a combination of genetic and lifestyle factors that promote chronically elevated blood sugar levels. Without treatment or improvement in non-pharmacological measures such as diet and exercise to lower blood glucose, high blood sugar eventually causes cellular resistance to endogenous insulin, and in the long term, damage to pancreatic islet cells. Insulin is typically prescribed later in the course of T2D, after trying several oral medications such as [DB00331], [DB01120], or [DB01261] have been tried, when sufficient damage has been caused to pancreatic cells that the body is no longer able to produce insulin on its own. 

Marketed as the brand name product NovoRapid, insulin aspart begins to exert its effects within 15 minutes of subcutaneous administration, while peak levels occur 30 to 90 minutes after administration. Due to its duration of action of around 5 hours, NovoRapid is considered ""bolus insulin"" as it provides high levels of insulin in a short period of time to mimic the release of endogenous insulin from the pancreas after meals. Bolus insulin is often combined with once daily, long-acting ""basal insulin"" such as [DB01307], [DB09564], and [DB00047] to provide low concentrations of background insulin that can keep blood sugar stable between meals or overnight. Use of basal and bolus insulin together is intended to mimic the pancreas' production of endogenous insulin, with a goal of avoiding any periods of hypoglycemia.

Insulin aspart is a recombinant, biosynthetic, fast-acting insulin analogue. Compared to human insulin, it has a single amino acid substitution at position B28 where proline is replaced with aspartic acid. This substitution decreases its propensity to form hexamers and gives it a higher rate of absorption following subcutaneous administration compared to native insulin. Insulin aspart is produced in a genetically modified strain of _Saccharomyces cerevisiae_ (baker's yeast)

Without an adequate supply of insulin to promote absorption of glucose from the bloodstream, blood sugar levels can climb to dangerously high levels and can result in symptoms such as fatigue, headache, blurred vision, and increased thirst. If left untreated, the body starts to break down fat, instead of glucose, for energy which results in a build-up of ketone acids in the blood and a syndrome called ketoacidosis, which is a life-threatening medical emergency. In the long term, elevated blood sugar levels increase the risk of heart attack, stroke, and diabetic neuropathy.",A medication used to control blood sugar in diabetes.,81.0,minutes,False,1.0,1.35,1,Take with food. Dose adjust as needed. Changes in meal composition may alter the response to insulin aspart.
DB01409,Tiotropium,"Tiotropium is a long-acting, antimuscarinic bronchodilator used in the management of chronic obstructive pulmonary disease (COPD) and asthma.[A180163,L7084,L7087,L7090,L7093] Tiotropium acts mainly on M3 muscarinic receptors located in the airways to produce smooth muscle relaxation and bronchodilation.[A180163,L7084,L7087,L7090,L7093]

Tiotropium is more specific for the subset of muscarinic receptors commonly found in the lungs than [ipratropium].[A180163]

Tiotropium was granted FDA approval on 30 January 2004.[L7084]",A medication used to treat inflammatory condition leading to weakness of the lungs.,34.0,hours,False,2.0,34.0,1,Take with or without food. Food is not expected to interfere with absorption.
DB01593,Zinc,"A metallic element of atomic number 30 and atomic weight 65.38. It is a necessary trace element in the diet, forming an essential part of many enzymes, and playing an important role in protein synthesis and in cell division. Zinc deficiency is associated with anemia, short stature, hypogonadism, impaired wound healing, and geophagia. It is identified by the symbol _Zn_ [L2098].

A newer study suggests implies that an imbalance of zinc is associated with the neuronal damage associated with traumatic brain injury, stroke, and seizures [A32465].

 Understanding the mechanisms that control brain zinc homeostasis is, therefore, imperative to the development of preventive and treatment regimens for these and other neurological disorders [A32465].

In addition to the above, recent review articles have already demonstrated the important role of zinc in the pathophysiology and treatment of affective disorders, plus discussed the potential value of zinc as a marker of these diseases [L2097].  Most recently, research has shown that polymorphism of the common polymorphism in zinc transporter _SLC30A8/ZnT8_ may increase susceptibility to type 2 diabetes provided novel insights into the role of zinc in diabetes [A32416].","A mineral used as an ingredient in nutritional supplements, and to treat conditions in which the zinc levels in the body is lower than normal.",280.0,days,False,1.0,6720.0,3,"Avoid milk and dairy products. Separate the use of zinc from these products by at least 2 hours before administration. Separate for 2 hours after administration if these products also contain phosphorus. || Do not take with bran and high fiber foods. For optimal absorption, take zinc at least 2 hours before or after eating high-fiber foods. || Take on an empty stomach. Take at least 1 hour before and 2 hours after eating for optimal absorption. Zinc can be taken with food to reduce gastrointestinal upset."
DB06228,Rivaroxaban,"Rivaroxaban is an anticoagulant and the first orally active direct factor Xa inhibitor. Unlike warfarin, routine lab monitoring of INR is not necessary. However there is no antidote available in the event of a major bleed. Only the 10 mg tablet can be taken without regard to food. The 15 mg and 20 mg tablet should be taken with food. FDA approved on July 1, 2011.",A type of blood thinner used to prevent and treat blood clotting events such as stroke and pulmonary embolism.,8.0,hours,False,2.0,8.0,4,"Avoid herbs and supplements with anticoagulant/antiplatelet activity. Examples include garlic, ginger, bilberry, danshen, piracetam, and ginkgo biloba. || Avoid St. John's Wort. Co-administration will decrease levels of this medication. || Take with food. Rivaroxaban 15-20mg dose should be taken with food as food significantly impacts the bioavailability at that dose. || Take with or without food. Rivaroxaban 10mg dose can be taken with or without food as it does not significantly impact the bioavailability at that dose."
DB06282,Levocetirizine,"Levocetirizine is a selective histamine H<sub>1</sub> antagonist used to treat a variety of allergic symptoms.[A181748,A181790,L7694] It is the R enantiomer of [cetirizine].[L7694] Levocetirizine has greater affinity for the histamine H<sub>1</sub> receptor than cetirizine.[L7694]

Levocetirizine was granted FDA approval in 1995.[L7694]",An allergy medication used to treat symptoms associated with seasonal allergies such as itchy eyes and runny nose. May also be used to treat uncomplicated hives on the skin.,7.05,hours,False,1.0,7.05,2,Avoid alcohol. || Take with or without food.
DB06292,Dapagliflozin,"Dapagliflozin is a sodium-glucose cotransporter 2 (SGLT2) inhibitor, and it was the first SLGT2 inhibitor to be approved. indicated for managing diabetes mellitus type 2.[A261596] When combined with diet and exercise in adults, dapagliflozin helps to improve glycemic control by inhibiting glucose reabsorption in the proximal tubule of the nephron and causing glycosuria.[A6757] Dapagliflozin has been investigated either as monotherapy or as an adjunct treatment with insulin or other oral hypoglycemic agents.[A261601]

Dapagliflozin was originally approved by the FDA on Jan 08, 2014, to improve glycemic control in adults with type 2 diabetes in conjunction with diet and exercise.[L48251] It was later approved to reduce the risk of kidney function decline, kidney failure, cardiovascular death, and hospitalization for heart failure in adults with chronic kidney disease in April 2021.[L48251]",A medication used to control blood sugar in diabetes.,13.350000000000001,hours,False,2.0,13.350000000000001,2,Avoid excessive or chronic alcohol consumption. Binge drinking or drinking alcohol often may predispose patients to ketoacidosis. || Take with or without food.
DB06605,Apixaban,"Apixaban is an oral, direct, and highly selective factor Xa (FXa) inhibitor of both free and bound FXa, as well as prothrombinase, independent of antithrombin III for the prevention and treatment of thromboembolic diseases[Label,A6897]. It is marketed under the name Eliquis[Label,L6043]. Apixaban was approved by the FDA on December 28, 2012[L6043].","A medication or ""blood thinner"" used to prevent blood clots and blocked blood vessels, as well as other events, such as stroke, in various cardiovascular conditions.",12.7,hours,False,1.0,12.7,4,"Avoid grapefruit products. || Avoid herbs and supplements with anticoagulant/antiplatelet activity. Examples include garlic, ginger, bilberry, danshen, piracetam, and ginkgo biloba. || Avoid St. John's Wort. St. John's Wort will decrease levels of this medication. || Take with or without food."
DB06655,Liraglutide,"Victoza contains liraglutide, a synthetic analog of human glucagon-like peptide-1(GLP-1) and acts as a GLP-1 receptor agonist.[Label,A6932] Liraglutide is 97% similar to native human GLP-1, differing primarily by substituting arginine for lysine at position 34.[A6932] Liraglutide is made by attaching a C-16 fatty acid (palmitic acid) with a glutamic acid spacer on the remaining lysine residue at position 26 of the peptide precursor.[A6932] Liraglutide was granted FDA approval on January 25, 2010.[L6070]","A medication used to control blood sugar, prevent cardiovascular conditions in diabetes, and manage obesity.",13.0,hours,False,1.0,13.0,1,Take with or without food.
DB06724,Calcium carbonate,Calcium carbonate is an inorganic salt used as an antacid. It is a basic compound that acts by neutralizing hydrochloric acid in gastric secretions. Subsequent increases in pH may inhibit the action of pepsin. An increase in bicarbonate ions and prostaglandins may also confer cytoprotective effects. Calcium carbonate may also be used as a nutritional supplement or to treat hypocalcemia.,"A medication used for the treatment of heartburn and other conditions caused by stomach acid reflux, and for calcium supplementation.",,,,,,1,"Take with or without food. Food increases the absorption of calcium carbonate, which may be advantageous in its use as a calcium supplement."
DB09038,Empagliflozin,"Empagliflozin is an inhibitor of sodium-glucose co-transporter-2 (SGLT2), the transporters primarily responsible for the reabsorption of glucose in the kidney.[A203453] It is used clinically as an adjunct to diet and exercise, often in combination with other drug therapies,[L13673,L13679,L11479] for the management of type 2 diabetes mellitus.[L13688]

The first known inhibitor of SGLTs, phlorizin, was isolated from the bark of apple trees in 1835 and researched extensively into the 20th century, but was ultimately deemed inappropriate for clinical use given its lack of specificity and significant gastrointestinal side effects.[A203501] Attempts at overcoming these limitations first saw the development of O-glucoside analogs of phlorizin (e.g. [remogliflozin etabonate]), but these molecules proved relatively pharmacokinetically unstable. The development of C-glucoside phlorizin analogs remedied the issues observed in the previous generation, and led to the FDA approval of [canagliflozin] in 2013 and both [dapagliflozin] and empagliflozin in 2014.[A203501] As the most recently approved of the ""flozin"" drugs, empagliflozin carries the highest selectivity for SGLT2 over SGLT1 (approximately 2700-fold). Empagliflozin was further approved by the EMA in March 2022 and Health Canada in April 2022, making it the first and only approved treatment in Europe and Canada for adults with symptomatic chronic heart failure regardless of ejection fraction.[L40783,L13916]",A medication that increases the amount of sugar expelled the urine to lower blood sugar in patients with type 2 diabetes.,12.4,hours,False,1.0,12.4,1,"Take with or without food. Co-administration with food slightly alters pharmacokinetics, but not to a clinically significant extent."
DB11171,Ferric sulfate,"Ferric sulfate has the molecular formula of Fe2SO4, and it is a dark brown or yellow chemical agent with acidic properties. It is produced by the reaction of sulfuric acid and an oxidizing agent. It is used in different fields such as dermatology, dentistry and it is thought to present hemostatic properties by interacting chemically with blood proteins.[A32355, A32356] By the FDA, ferric sulfate is a direct food substance affirmed in the GRAS category (Generally Recognized As Safe).[L2003]",A medication used to stop bleeding in dental procedures.,,,,,,0,
DB13257,Ferrous sulfate anhydrous,"Iron deficiency anemia is a large public health concern worldwide, especially in young children, infants, and women of childbearing age.[A190804] This type of anemia occurs when iron intake, iron stores, and iron loss do not adequately support the formation of erythrocytes, also known as red blood cells.[A190528] 

Ferrous sulfate is a synthetic agent used in the treatment of iron deficiency. It is the gold standard of oral iron therapy in the UK and many other countries.[L2234,L2246]",A supplement used to prevent treat low iron levels in the blood.,,,,,,6,Avoid milk and dairy products. Take ferrous sulfate at least 2 hours before or after milk. || Limit caffeine intake. Food and beverages containing caffeine may reduce iron absorption. || Take at least 2 hours before or after calcium supplements. || Take separate from antacids. Take ferrous sulfate at least 2 hours before or after antacids. || Take with food. This may reduce gastric irritation. || Take with foods containing vitamin C. Foods rich in vitamin C increase the absorption of iron.
DB13928,Semaglutide,"Semaglutide is a glucagon-like peptide 1 (GLP-1) analog used to manage type 2 diabetes along with lifestyle changes, such as dietary restrictions and increased physical activity.[A31421,L8681] Other members of this drug class include [Exenatide] and [Liraglutide]. Semaglutide was developed by Novo Nordisk and approved by the FDA for subcutaneous injection in December 2017.[L8681] The tablet formulation was approved for oral administration in September 2019. Semaglutide works by binding to and activating the GLP-1 receptor, thereby stimulating insulin secretion and reducing blood glucose.[L8678]

The subcutaneous injection is administered once weekly and the tablet is administered once a day. Semaglutide offers a competitive advantage over other drugs used to manage diabetes, which may require several daily doses. Clinical trials have determined that this drug reduces glycosylated hemoglobin (HbA1c) levels and reduces body weight, proving to be effective for patients with type 2 diabetes.[A186053] In June 2021, semaglutide was approved by the FDA for chronic weight management in adults with general obesity or overweight who have at least one weight-related condition, marking semaglutide as the first approved drug for such use since 2014.[L34485] The use of semaglutide in weight management is also approved by Health Canada [L39347] and the EMA.[L41335]

On May 31, 2023, the FDA issued a warning regarding the use of compounded semaglutide after receiving adverse event reports. The use of salt forms of semaglutide, including semaglutide sodium and semaglutide acetate, has not been proven to be safe or effective.[L46726]

On August 15, 2025, the FDA granted Accelerated Approval for the treatment of metabolic-associated steatohepatitis (MASH) in adults with moderate-to-advanced fibrosis [L53901]","A medication used to control blood sugar in diabetes, reduce weight, and prevent heart diseases in selected adults.",168.0,hours,False,1.0,168.0,2,"Take on an empty stomach. For oral use of semaglutide, take 30 minutes before the first meal of the day. || Take with plain water. For oral use of semaglutide, do not exceed 4 ounces of water (1/2 cup)."
DB14221,Beclomethasone 17-monopropionate,An ester of beclomethasone.,,,,,,,0,
DB14491,Ferrous fumarate,Used in treatment of iron deficiency anemia.,A medication used to treat low iron in the blood.,,,,,,6,Avoid milk and dairy products. Take ferrous fumarate at least 2 hours before or after milk. || Limit caffeine intake. Food and beverages containing caffeine may reduce iron absorption. || Take at least 2 hours before or after calcium supplements. || Take separate from antacids. Take ferrous fumarate at least 2 hours before or after antacids. || Take with food. This reduces gastric irritation. || Take with foods containing vitamin C. Foods rich in vitamin C increase the absorption of iron.
DB15171,Tirzepatide,"Tirzepatide is a novel dual glucose-dependent insulinotropic polypeptide (GIP) and glucagon-like peptide-1 (GLP-1) receptor agonist. Dual GIP/GLP-1 agonists gained increasing attention as new therapeutic agents for glycemic and weight control as they demonstrated better glucose control and weight loss compared to selective GLP-1 receptor agonists in preclinical and clinical trials.[A246260]

Tirzepatide comprises a 39 amino acid linear synthetic peptide conjugated to a C20 fatty diacid moiety.[A246260] Its protein sequence was based on the sequence of endogenous GIP, and its pharmacological action on GLP-1 receptors is comparable to endogenous GIP; however, the long half-life of tirzepatide allows for once-weekly dosing.[A246265] Tirzepatide was approved by the FDA on May 13, 2022, under the brand name MOUNJARO by the FDA for the treatment of adults with type 2 diabetes, making it the first and only GIP and GLP-1 receptor agonist for this indication.[L41820] Later, it was approved under a different brand name ZEPBOUND on November 8, 2023, for the chronic weight management in adults with obesity or overweight with at least one weight-related condition.[L48766] On September 15, 2022, tirzepatide was also approved by the European Commission.[L44386]. On November 02, 2023, tirzepatide was also approved by the Health Canada [L52800]",A drug used to treat type II diabetes in adults.,5.0,days,False,1.0,120.0,1,Take with or without food. Food has no clinically significant effects on drug exposure.
