drugbank_id,half_life,half_life_unit,half_life_unit_mixed,half_life_n_records,half_life_hours
DB00004,70.0,minutes,False,1,1.1666666666666667
DB00008,164.0,hours,False,1,164.0
DB01281,14.700000000000001,days,False,3,352.8
DB00659,3.0,hours,False,1,3.0
DB00034,5.55,hours,False,2,5.55
DB01001,3.65,hours,False,2,3.65
DB00087,2.0,weeks,False,1,336.0
DB00009,5.0,minutes,False,1,0.08333333333333333
DB00039,4.5,hours,False,1,4.5
DB00059,5.55,days,False,2,133.2
DB00316,3.25,hours,False,2,3.25
DB00204,10.0,hours,False,1,10.0
DB00244,13.785714285714286,hours,True,7,8.166666666666668
DB00296,3.0,hours,False,2,3.0
DB09347,4.0,hours,False,1,4.0
DB06151,8.3,hours,False,2,8.3
DB00352,80.0,minutes,False,1,1.3333333333333333
DB00787,3.3666666666666667,hours,False,3,3.3666666666666667
DB00370,20.0,hours,False,1,20.0
DB00915,8.5,days,True,2,89.0
DB00433,8.5,hours,False,2,8.5
DB08916,190.5,hours,False,2,190.5
DB00669,1.8,hours,False,3,1.8
DB00404,14.783333333333333,hours,False,6,14.783333333333333
DB00770,5.0,minutes,False,1,0.08333333333333333
DB00684,3.0,hours,False,1,3.0
DB00811,120.0,hours,False,1,120.0
DB01616,0.8,hours,False,1,0.8
DB11640,3.8499999999999996,hours,False,2,3.8499999999999996
DB00479,16.0,hours,False,2,16.0
DB00001,3.766666666666667,days,True,3,0.48888888888888893
DB00002,112.0,hours,False,1,112.0
DB01118,21.05,days,True,4,486.8
DB00006,28.5,minutes,True,3,1.6222222222222225
DB00007,3.0,hours,False,1,3.0
DB00381,43.0,hours,False,2,43.0
DB00010,11.0,minutes,False,1,0.18333333333333332
DB00013,12.6,minutes,False,1,0.21
DB00014,4.0,hours,False,1,4.0
DB00017,45.0,minutes,False,3,0.75
DB00019,42.0,hours,False,1,42.0
DB00022,40.0,hours,False,1,40.0
DB00023,14.426666666666668,hours,True,3,24.24
DB00024,25.0,hours,False,1,25.0
DB00025,8.4,hours,False,1,8.4
DB00026,4.85,hours,False,2,4.85
DB00030,120.0,minutes,False,1,2.0
DB00038,6.9,hours,False,1,6.9
DB00040,31.0,minutes,False,3,0.5166666666666667
DB00041,13.0,minutes,False,1,0.21666666666666667
DB00044,18.0,hours,False,1,18.0
DB00046,0.9233333333333333,hours,False,3,0.9233333333333333
DB00049,18.0,hours,False,1,18.0
DB00050,62.8,hours,False,1,62.8
DB00051,14.0,days,False,1,336.0
DB00052,14.05,hours,True,2,3.6758333333333333
DB00053,3.6,minutes,False,1,0.06
DB00054,15.0,minutes,False,2,0.25
DB09329,14.059999999999999,hours,False,2,14.059999999999999
DB00060,10.0,hours,False,1,10.0
DB00061,3.0,days,False,1,72.0
DB00063,2.5,hours,False,1,2.5
DB00065,7.7,days,False,1,184.8
DB00066,19.0,hours,False,2,19.0
DB00067,0.0,minutes,False,1,0.0
DB05676,6.0,hours,False,1,6.0
DB00407,2.25,hours,False,2,2.25
DB09274,29.766666666666666,minutes,True,3,0.5944444444444444
DB01072,9.55,hours,False,2,9.55
DB00572,6.0,hours,False,2,6.0
DB09121,3.0,days,False,1,72.0
DB00076,15.0,hours,False,1,15.0
DB01061,1.65,hours,False,2,1.65
DB00355,2.8333333333333335,hours,False,3,2.8333333333333335
DB00081,0.8,hours,False,1,0.8
DB00082,6.0,days,False,1,144.0
DB00088,3.6,minutes,False,1,0.06
DB00090,1.5,hours,False,1,1.5
DB00091,19.0,hours,False,2,19.0
DB00092,270.0,hours,False,1,270.0
DB00094,19.0,hours,False,2,19.0
DB00095,5.0,days,False,1,120.0
DB00097,16.75,hours,False,2,16.75
DB00098,2.0,days,False,1,48.0
DB00074,7.2,days,False,1,172.8
DB00100,18.8,hours,False,1,18.8
DB00103,67.0,minutes,False,1,1.1166666666666667
DB08879,19.4,days,False,1,465.59999999999997
DB01053,0.4,hours,False,1,0.4
DB00105,2.0,hours,False,1,2.0
DB00106,13.2,days,False,1,316.79999999999995
DB00107,1.0,minutes,False,1,0.016666666666666666
DB00108,10.5,days,False,2,252.0
DB00109,3.8,hours,False,1,3.8
DB06771,7.0,hours,False,1,7.0
DB00111,11.0,days,False,1,264.0
DB00112,15.5,days,False,2,372.0
DB00113,1.0,hours,False,1,1.0
DB00115,203.0,days,False,2,4872.0
DB00126,9.7,days,True,2,193.7
DB00130,1.0,hours,False,1,1.0
DB00136,5.0,hours,False,1,5.0
DB00140,66.0,minutes,False,1,1.1
DB00146,288.0,hours,False,1,288.0
DB00148,3.0,hours,False,1,3.0
DB00162,1.9,hours,False,1,1.9
DB00443,10.2,hours,False,1,10.2
DB00168,300.0,days,False,1,7200.0
DB09059,1.7,hours,False,1,1.7
DB00175,1.8,hours,False,1,1.8
DB00176,15.6,hours,False,1,15.6
DB09052,2.145,hours,False,2,2.145
DB00178,20.2,hours,False,5,20.2
DB00180,1.8,hours,False,1,1.8
DB00181,2.8666666666666667,hours,False,3,2.8666666666666667
DB00183,0.0,minutes,False,1,0.0
DB00184,1.0,hours,False,1,1.0
DB00185,5.0,hours,False,1,5.0
DB00559,5.0,hours,False,1,5.0
DB01158,10.4,hours,False,2,10.4
DB01222,2.3,hours,False,2,2.3
DB00187,5.5,minutes,False,2,0.09166666666666666
DB05015,1.1,hours,False,1,1.1
DB00612,12.833333333333334,hours,False,3,12.833333333333334
DB00189,15.5,hours,False,2,15.5
DB00190,107.0,minutes,False,1,1.7833333333333332
DB00191,13.5,hours,False,2,13.5
DB00193,5.0,hours,False,1,5.0
DB00195,14.0,hours,False,1,14.0
DB00197,16.0,hours,False,1,16.0
DB00198,1.0,hours,False,1,1.0
DB00199,2.95,hours,False,2,2.95
DB00200,6.0,days,False,1,144.0
DB15248,4.0,hours,False,1,4.0
DB00297,8.6,hours,False,3,8.6
DB00202,47.0,seconds,False,1,0.013055555555555556
DB00203,3.0,hours,False,1,3.0
DB00205,96.0,hours,False,1,96.0
DB00207,68.0,hours,False,1,68.0
DB00490,2.0,hours,False,1,2.0
DB00201,32.0,hours,False,4,32.0
DB00209,20.0,hours,False,1,20.0
DB00213,1.0,hours,False,1,1.0
DB00215,35.0,hours,False,1,35.0
DB00216,4.0,hours,False,1,4.0
DB00217,8.0,hours,False,2,8.0
DB00218,11.5,hours,False,1,11.5
DB00220,3.5,hours,False,1,3.5
DB00222,2.5,hours,False,2,2.5
DB00224,1.8,hours,False,1,1.8
DB00225,40.75,minutes,False,2,0.6791666666666667
DB00226,10.0,hours,False,1,10.0
DB00227,13.37,hours,False,1,13.37
DB00229,1.0,hours,False,1,1.0
DB00230,6.3,hours,False,1,6.3
DB00231,9.0,hours,False,1,9.0
DB00234,12.5,hours,False,1,12.5
DB00235,2.3499999999999996,hours,False,2,2.3499999999999996
DB00237,100.0,hours,False,1,100.0
DB00238,45.0,hours,False,1,45.0
DB00241,52.333333333333336,hours,False,3,52.333333333333336
DB00243,7.0,hours,False,1,7.0
DB00245,36.0,hours,False,1,36.0
DB00246,6.0,hours,False,1,6.0
DB00248,63.0,hours,False,1,63.0
DB00250,10.0,hours,False,1,10.0
DB00251,4.0,hours,False,1,4.0
DB11168,2.7,hours,False,1,2.7
DB00256,8.0,hours,False,1,8.0
DB00260,10.0,hours,False,1,10.0
DB00261,1.5,hours,False,1,1.5
DB00262,15.0,minutes,False,1,0.25
DB00264,3.0,hours,False,1,3.0
DB00267,1.0,hours,False,1,1.0
DB00268,6.0,hours,False,1,6.0
DB00270,8.0,hours,False,1,8.0
DB00273,19.0,hours,False,1,19.0
DB00274,1.5,hours,False,1,1.5
DB00275,10.0,hours,False,1,10.0
DB00276,8.0,hours,False,1,8.0
DB00277,8.0,hours,False,1,8.0
DB00278,39.0,minutes,False,1,0.65
DB00279,1.0,days,False,1,24.0
DB00280,5.35,hours,False,2,5.35
DB06441,3.0,minutes,False,1,0.05
DB00282,28.0,hours,False,1,28.0
DB00284,2.0,hours,False,1,2.0
DB00285,5.0,hours,False,1,5.0
DB00286,17.0,hours,False,1,17.0
DB00535,1.45,hours,False,2,1.45
DB00289,3.0,hours,False,1,3.0
DB00290,115.0,minutes,False,1,1.9166666666666667
DB00291,1.5,hours,False,1,1.5
DB00292,75.0,minutes,False,1,1.25
DB00293,198.0,hours,False,1,198.0
DB00294,25.0,hours,False,1,25.0
DB00295,2.0,hours,False,1,2.0
DB01066,1.6,hours,False,1,1.6
DB01413,11.5,hours,False,3,11.5
DB00299,2.0,hours,False,1,2.0
DB00300,17.0,hours,False,1,17.0
DB00301,0.75,hours,False,1,0.75
DB00302,6.5,hours,False,2,6.5
DB00671,7.25,hours,False,2,7.25
DB00304,30.0,hours,False,1,30.0
DB00305,8.0,minutes,False,1,0.13333333333333333
DB00307,7.0,hours,False,1,7.0
DB00308,6.0,hours,False,1,6.0
DB00309,24.0,hours,False,1,24.0
DB00310,40.0,hours,False,1,40.0
DB00311,2.5,hours,False,1,2.5
DB00312,5.0,hours,False,1,5.0
DB00446,7.220000000000001,hours,False,5,7.220000000000001
DB00317,48.0,hours,False,1,48.0
DB00318,3.0,hours,False,1,3.0
DB00319,36.0,minutes,False,1,0.6
DB00320,5.35,hours,False,2,5.35
DB00321,25.0,hours,False,1,25.0
DB00323,2.0,hours,False,1,2.0
DB00325,2.0,minutes,False,1,0.03333333333333333
DB00327,5.0,hours,False,2,5.0
DB16738,15.3,days,False,1,367.20000000000005
DB00537,4.12,hours,False,3,4.12
DB00330,5.15,hours,False,2,5.15
DB00332,1.6,hours,False,1,1.6
DB00333,11.0,hours,False,2,11.0
DB00335,6.0,hours,False,1,6.0
DB00336,5.0,hours,False,1,5.0
DB00188,58.0,hours,False,2,58.0
DB00339,9.0,hours,False,1,9.0
DB00341,8.3,hours,False,1,8.3
DB00342,3.5,hours,False,1,3.5
DB00611,18.0,hours,False,1,18.0
DB06772,33.666666666666664,hours,True,3,32.355555555555554
DB00346,6.5,hours,False,2,6.5
DB00348,54.0,hours,False,1,54.0
DB00349,36.0,hours,False,1,36.0
DB00350,4.2,hours,False,1,4.2
DB00351,34.0,hours,False,1,34.0
DB00353,3.39,hours,False,1,3.39
DB00242,5.4,hours,False,1,5.4
DB01190,3.1666666666666665,hours,False,3,3.1666666666666665
DB00357,12.5,hours,False,1,12.5
DB00362,40.0,hours,False,1,40.0
DB00363,8.0,hours,False,1,8.0
DB00365,15.0,hours,False,1,15.0
DB00366,10.0,hours,False,1,10.0
DB06415,12.0,hours,False,1,12.0
DB00438,7.75,hours,False,2,7.75
DB00369,2.4,hours,False,1,2.4
DB00371,10.0,hours,False,1,10.0
DB00373,2.9,hours,False,1,2.9
DB00169,50.0,days,False,1,1200.0
DB00376,3.2,hours,False,1,3.2
DB00377,40.0,hours,False,1,40.0
DB00378,5.0,hours,False,1,5.0
DB00379,10.0,hours,False,1,10.0
DB00380,2.5,hours,False,1,2.5
DB00382,2.0,hours,False,1,2.0
DB00384,128.25,hours,True,2,2.875
DB00388,3.75,hours,True,2,1.2916666666666667
DB00390,2.5,days,False,2,60.0
DB00392,1.0,hours,False,1,1.0
DB00393,1.7,hours,False,1,1.7
DB00394,0.5,hours,False,1,0.5
DB00395,2.0,hours,False,1,2.0
DB00396,5.0,minutes,False,1,0.08333333333333333
DB00397,2.1,hours,False,1,2.1
DB00398,25.0,hours,False,1,25.0
DB00399,146.0,hours,False,1,146.0
DB00400,9.0,hours,False,1,9.0
DB00401,7.0,hours,False,1,7.0
DB00636,14.0,hours,False,1,14.0
DB01242,32.0,hours,False,1,32.0
DB11338,16.15,hours,False,2,16.15
DB00924,32.53333333333333,hours,False,3,32.53333333333333
DB00405,25.0,hours,False,1,25.0
DB06695,12.0,hours,False,2,12.0
DB00408,4.0,hours,False,1,4.0
DB01012,30.0,hours,False,1,30.0
DB00827,5.75,hours,False,2,5.75
DB01068,30.0,hours,False,1,30.0
DB00412,3.0,hours,False,1,3.0
DB00413,8.5,hours,False,1,8.5
DB00414,1.3,hours,False,1,1.3
DB00416,3.0,hours,False,1,3.0
DB01914,52.76666666666667,minutes,False,3,0.8794444444444444
DB00419,6.0,hours,False,1,6.0
DB00421,1.4,hours,False,1,1.4
DB00080,23.35,hours,False,4,23.35
DB00423,1.3266666666666667,hours,False,3,1.3266666666666667
DB00424,3.5,hours,False,1,3.5
DB01511,237.5,hours,False,2,237.5
DB00426,10.0,hours,False,1,10.0
DB00427,4.0,hours,False,1,4.0
DB00428,5.0,minutes,False,1,0.08333333333333333
DB00430,4.44,hours,False,1,4.44
DB00431,18.0,hours,False,1,18.0
DB00432,5.166666666666667,hours,True,3,1.2333333333333334
DB00435,2.0,seconds,False,1,0.0005555555555555556
DB00436,8.5,hours,False,1,8.5
DB00437,1.0,hours,False,1,1.0
DB01219,6.35,hours,False,2,6.35
DB00439,2.0,hours,False,1,2.0
DB00440,8.0,hours,False,1,8.0
DB00035,4.2,hours,False,4,4.2
DB00442,128.0,hours,False,1,128.0
DB00444,5.0,hours,False,1,5.0
DB00445,12.833333333333334,hours,True,3,11.85
DB01209,1.6199999999999999,hours,False,5,1.6199999999999999
DB00448,0.6,hours,False,3,0.6
DB00829,1.5,days,False,2,36.0
DB00451,3.5,days,False,2,84.0
DB00454,4.0,hours,True,3,3.3444444444444446
DB00455,10.0,hours,False,1,10.0
DB00456,30.0,minutes,False,1,0.5
DB00457,2.0,hours,False,1,2.0
DB00458,12.0,hours,False,1,12.0
DB00459,49.0,hours,False,1,49.0
DB00460,5.0,hours,False,1,5.0
DB00465,3.75,hours,False,2,3.75
DB00467,3.0,hours,False,1,3.0
DB00468,18.0,hours,False,1,18.0
DB00469,72.0,hours,False,1,72.0
DB06700,11.1,hours,False,1,11.1
DB00472,2.5,days,False,2,60.0
DB00473,0.0,minutes,False,1,0.0
DB00474,5.6,minutes,False,1,0.09333333333333332
DB00475,24.0,hours,False,1,24.0
DB00476,12.0,hours,False,1,12.0
DB00477,30.0,hours,False,1,30.0
DB01119,14.75,hours,False,2,14.75
DB01075,2.4,hours,False,1,2.4
DB00480,3.0,hours,False,2,3.0
DB09414,10.9,hours,False,2,10.9
DB00482,11.0,hours,False,1,11.0
DB00485,0.7,hours,False,1,0.7
DB00486,2.0,hours,False,1,2.0
DB00487,8.6,hours,False,1,8.6
DB00488,4.7,hours,False,1,4.7
DB00489,42.28,hours,False,5,42.28
DB00491,2.0,hours,False,1,2.0
DB00492,12.0,hours,False,1,12.0
DB00493,1.0,hours,False,1,1.0
DB00494,0.4,hours,False,1,0.4
DB00495,1.1,hours,False,1,1.1
DB00496,13.0,hours,False,1,13.0
DB00497,3.85,hours,False,2,3.85
DB00498,5.0,hours,False,1,5.0
DB00500,3.0,hours,False,2,3.0
DB00501,2.0,hours,False,1,2.0
DB00502,17.6,hours,False,2,17.6
DB00503,3.0,hours,False,1,3.0
DB00504,1.0,hours,False,1,1.0
DB00507,7.3,hours,False,1,7.3
DB00843,75.75,hours,False,2,75.75
DB00513,2.0,hours,False,1,2.0
DB00514,3.0,hours,False,1,3.0
DB00515,20.0,minutes,False,1,0.3333333333333333
DB00518,8.0,hours,False,1,8.0
DB00519,6.0,hours,False,1,6.0
DB00520,9.0,hours,False,1,9.0
DB00524,14.0,hours,False,1,14.0
DB00526,136.07666666666668,hours,False,3,136.07666666666668
DB00529,3.3,hours,False,1,3.3
DB00530,36.2,hours,False,1,36.2
DB00531,3.0,hours,False,1,3.0
DB00532,7.0,hours,False,1,7.0
DB00533,17.0,hours,False,1,17.0
DB06211,1.0,hours,False,1,1.0
DB01135,99.0,minutes,False,1,1.65
DB00536,7.0,hours,False,1,7.0
DB09273,1.83,hours,False,1,1.83
DB00450,117.75,minutes,False,2,1.9625
DB00538,103.6,minutes,False,1,1.7266666666666666
DB00539,5.0,days,False,1,120.0
DB09045,4.375,days,False,2,105.0
DB00541,27.825,hours,True,4,26.595833333333335
DB00542,6.35,hours,False,2,6.35
DB00543,8.0,hours,False,1,8.0
DB00544,10.0,minutes,False,1,0.16666666666666666
DB00545,0.38,hours,False,1,0.38
DB00546,0.0,hours,False,1,0.0
DB00547,16.0,hours,False,2,16.0
DB00548,28.5,hours,True,2,6.375
DB00549,10.0,hours,False,1,10.0
DB00550,2.0,hours,False,1,2.0
DB00551,5.0,hours,False,1,5.0
DB00552,5.7,hours,False,1,5.7
DB00553,2.0,hours,False,1,2.0
DB00554,30.0,hours,False,1,30.0
DB16662,43.775,hours,False,4,43.775
DB00556,1.9,minutes,False,1,0.03166666666666666
DB11607,17.5,hours,False,2,17.5
DB00558,2.5,hours,False,1,2.5
DB11608,12.3,hours,False,1,12.3
DB00560,27.0,hours,False,1,27.0
DB00584,35.0,hours,False,1,35.0
DB14039,28.0,days,False,1,672.0
DB00303,3.25,hours,False,2,3.25
DB00564,31.0,hours,False,2,31.0
DB00565,22.0,minutes,False,1,0.36666666666666664
DB00566,48.0,hours,False,1,48.0
DB00567,63.0,minutes,False,2,1.0499999999999998
DB00569,17.0,hours,False,1,17.0
DB00570,35.666666666666664,minutes,True,3,6.822222222222223
DB00571,5.5,hours,False,2,5.5
DB00016,13.5,hours,False,4,13.5
DB00573,3.0,hours,False,1,3.0
DB00574,20.0,hours,False,1,20.0
DB00575,18.0,hours,True,2,3.25
DB00576,3.0,hours,False,1,3.0
DB00578,1.0,hours,False,1,1.0
DB00579,10.0,hours,False,1,10.0
DB00580,8.0,hours,False,1,8.0
DB00583,17.4,hours,False,1,17.4
DB00585,1.0,hours,False,1,1.0
DB00586,2.0,hours,False,1,2.0
DB01576,12.0125,hours,False,4,12.0125
DB00590,15.5,hours,False,2,15.5
DB00591,1.3,hours,False,1,1.3
DB00593,53.0,hours,False,1,53.0
DB00594,6.0,hours,False,1,6.0
DB00598,1.7,hours,False,1,1.7
DB00599,3.0,hours,False,1,3.0
DB00601,5.0,hours,False,1,5.0
DB00602,18.0,hours,False,1,18.0
DB00603,31.333333333333332,days,True,3,445.3333333333333
DB00604,6.0,hours,False,1,6.0
DB00605,7.8,hours,False,1,7.8
DB00607,33.0,minutes,False,1,0.55
DB00608,20.0,days,False,1,480.0
DB00609,2.0,hours,False,1,2.0
DB00900,21.0,hours,True,2,6.25
DB00343,4.133333333333334,hours,False,3,4.133333333333334
DB00613,5.2,minutes,False,1,0.08666666666666667
DB00614,10.0,minutes,False,1,0.16666666666666666
DB00615,45.0,hours,False,1,45.0
DB00617,12.0,hours,False,1,12.0
DB00618,10.0,hours,False,1,10.0
DB00619,18.0,hours,False,1,18.0
DB00620,2.7,hours,False,1,2.7
DB01175,27.0,hours,False,1,27.0
DB00783,15.116666666666665,hours,True,3,6.119166666666666
DB00622,8.6,hours,False,1,8.6
DB00624,10.0,minutes,False,1,0.16666666666666666
DB00625,40.0,hours,False,1,40.0
DB00627,0.9,hours,False,1,0.9
DB00628,2.0,days,False,1,48.0
DB00629,6.0,hours,False,1,6.0
DB00630,10.0,years,False,1,87658.2
DB00631,5.2,hours,False,1,5.2
DB00633,2.0,hours,False,1,2.0
DB00634,7.0,hours,False,1,7.0
DB00635,2.0,hours,False,1,2.0
DB00637,1.0,days,False,1,24.0
DB00638,2.0,hours,False,1,2.0
DB00640,0.0,seconds,False,1,0.0
DB00641,4.85,hours,False,1,4.85
DB00642,3.5,hours,False,1,3.5
DB00643,14.333333333333334,hours,False,3,14.333333333333334
DB00644,6.0,minutes,False,2,0.09999999999999999
DB00645,30.0,minutes,False,1,0.5
DB00647,6.0,hours,False,1,6.0
DB00648,18.0,days,False,1,432.0
DB00650,6.2,hours,False,1,6.2
DB00651,2.0,hours,False,1,2.0
DB00652,2.0,hours,False,1,2.0
DB00653,43.2,hours,False,1,43.2
DB00654,9.5,hours,True,2,1.1416666666666666
DB00655,19.0,hours,False,1,19.0
DB00402,6.1,hours,False,1,6.1
DB00005,80.23333333333333,hours,False,3,80.23333333333333
DB09166,1.7,hours,False,2,1.7
DB00660,9.2,hours,False,1,9.2
DB12189,9.233333333333333,days,False,6,221.6
DB00662,7.0,hours,False,1,7.0
DB00665,38.0,hours,False,1,38.0
DB00666,3.0,hours,False,1,3.0
DB00668,2.0,minutes,False,1,0.03333333333333333
DB00672,36.0,hours,False,1,36.0
DB00673,9.0,hours,False,1,9.0
DB00674,7.0,hours,False,1,7.0
DB00675,5.0,days,False,1,120.0
DB00678,1.5,hours,False,1,1.5
DB00679,21.0,hours,False,1,21.0
DB00680,2.0,hours,False,1,2.0
DB00681,19.5,days,True,2,192.0
DB01023,15.033333333333333,hours,False,3,15.033333333333333
DB00686,4.8,hours,False,1,4.8
DB00687,9.5,hours,False,2,9.5
DB08917,8.35,hours,False,2,8.35
DB00690,2.3,hours,False,1,2.3
DB00691,1.0,hours,False,1,1.0
DB00692,10.5,hours,True,2,1.1583333333333332
DB00694,18.5,hours,False,1,18.5
DB00695,8.625,hours,False,4,8.625
DB00696,2.0,hours,False,1,2.0
DB00697,2.5,hours,False,1,2.5
DB00698,0.72,hours,False,1,0.72
DB00700,4.0,hours,False,1,4.0
DB00701,7.1,hours,False,1,7.1
DB00703,14.0,hours,False,1,14.0
DB00704,4.0,hours,False,1,4.0
DB00705,5.8,hours,False,1,5.8
DB00706,10.5,hours,False,4,10.5
DB00707,10.0,hours,False,1,10.0
DB06215,15.0,hours,False,1,15.0
DB08874,11.7,hours,False,1,11.7
DB00099,148.16666666666666,minutes,True,3,3.6166666666666667
DB00709,5.0,hours,False,1,5.0
DB01216,7.0,hours,False,2,7.0
DB00711,8.0,hours,False,1,8.0
DB00713,20.0,minutes,False,1,0.3333333333333333
DB00714,25.85,hours,True,2,1.2666666666666666
DB00715,19.15,hours,False,2,19.15
DB00716,3.3,hours,False,1,3.3
DB00717,8.0,hours,False,1,8.0
DB00718,7.48,hours,False,1,7.48
DB00720,5.6,hours,False,1,5.6
DB00721,7.7,minutes,False,1,0.12833333333333333
DB00722,29.650000000000002,hours,False,2,29.650000000000002
DB00724,11.0,hours,False,2,11.0
DB00726,11.0,hours,False,1,11.0
DB00727,4.5,minutes,False,2,0.07500000000000001
DB00730,1.2,hours,False,1,1.2
DB00731,1.5,hours,False,1,1.5
DB00732,20.0,minutes,False,1,0.3333333333333333
DB00733,74.0,minutes,False,1,1.2333333333333334
DB00734,1.5,hours,False,2,1.5
DB00735,2.0,days,False,1,48.0
DB00736,1.0,hours,False,1,1.0
DB00737,5.0,hours,False,1,5.0
DB00738,9.1,hours,False,1,9.1
DB00740,12.0,hours,False,1,12.0
DB00741,1.8133333333333332,hours,False,3,1.8133333333333332
DB00743,1.0,hours,False,1,1.0
DB00744,2.5,hours,False,1,2.5
DB00745,23.0,hours,False,1,23.0
DB00746,3.5,hours,False,2,3.5
DB00747,84.8,minutes,True,5,3.2816666666666663
DB00748,10.0,hours,False,1,10.0
DB00749,7.3,hours,False,1,7.3
DB00751,12.0,hours,False,1,12.0
DB00752,1.5,hours,False,1,1.5
DB00754,3.0,hours,False,1,3.0
DB00755,0.5,hours,False,1,0.5
DB00757,8.1,hours,False,1,8.1
DB00758,6.0,hours,False,1,6.0
DB00759,6.0,hours,False,1,6.0
DB01195,16.333333333333332,hours,False,3,16.333333333333332
DB00762,6.0,hours,False,1,6.0
DB00985,5.0,hours,False,1,5.0
DB00470,14.5,hours,False,2,14.5
DB00764,5.8,hours,False,1,5.8
DB00765,3.4,hours,False,1,3.4
DB00766,22.9,hours,True,2,0.775
DB00767,1.0,hours,False,1,1.0
DB00768,5.7,hours,False,2,5.7
DB00772,8.0,hours,False,1,8.0
DB00773,4.0,hours,False,1,4.0
DB00774,9.5,hours,False,2,9.5
DB00775,2.0,hours,False,1,2.0
DB00776,2.0,hours,False,1,2.0
DB00778,12.0,hours,False,1,12.0
DB00196,30.0,hours,False,1,30.0
DB00780,11.6,hours,False,1,11.6
DB01205,17.54,minutes,True,5,1.02
DB00784,2.0,hours,False,1,2.0
DB06623,10.1,hours,False,3,10.1
DB00788,12.0,hours,False,1,12.0
DB00789,100.0,minutes,False,1,1.6666666666666667
DB00790,1.2,hours,False,1,1.2
DB08906,15.45,hours,False,2,15.45
DB00795,7.6,hours,False,1,7.6
DB00796,9.0,hours,False,1,9.0
DB00983,4.033333333333333,hours,False,3,4.033333333333333
DB00799,18.0,hours,False,1,18.0
DB00800,5.0,minutes,False,1,0.08333333333333333
DB00802,90.0,minutes,False,1,1.5
DB00803,5.0,hours,False,1,5.0
DB00804,1.8,hours,False,1,1.8
DB00806,0.39,hours,False,1,0.39
DB00808,13.9,hours,False,1,13.9
DB00809,30.0,minutes,False,1,0.5
DB00813,6.0,hours,False,2,6.0
DB00814,20.0,hours,False,1,20.0
DB00816,6.0,hours,False,1,6.0
DB00818,1.5,hours,False,1,1.5
DB00819,3.0,hours,False,1,3.0
DB00824,1.9,hours,False,1,1.9
DB01126,5.0,weeks,False,1,840.0
DB01225,4.0,hours,False,3,4.0
DB00828,5.7,hours,False,1,5.7
DB02703,5.0,hours,False,1,5.0
DB06703,1.9919999999999998,hours,False,5,1.9919999999999998
DB00830,16.0,hours,False,1,16.0
DB00831,10.0,hours,False,1,10.0
DB00833,0.6,hours,False,1,0.6
DB00834,18.0,hours,False,1,18.0
DB00836,10.8,hours,False,1,10.8
DB00837,4.0,hours,False,1,4.0
DB00597,3.09625,hours,False,8,3.09625
DB00841,2.0,minutes,False,1,0.03333333333333333
DB00842,8.2,hours,False,1,8.2
DB08884,0.91,hours,False,1,0.91
DB14042,27.0,days,False,1,648.0
DB00844,5.0,hours,False,1,5.0
DB00845,25.0,days,False,1,600.0
DB00847,3.7,hours,False,1,3.7
DB00848,4.4,hours,False,1,4.4
DB00849,34.0,hours,False,1,34.0
DB00850,8.0,hours,False,1,8.0
DB00851,5.0,hours,False,1,5.0
DB00852,6.0,hours,False,1,6.0
DB00853,1.8,hours,False,1,1.8
DB00854,11.0,hours,False,1,11.0
DB00855,2.0325,hours,False,4,2.0325
DB00856,2.3,hours,False,1,2.3
DB00857,118.0,hours,False,2,118.0
DB00859,1.0,hours,False,1,1.0
DB01004,7.675,hours,False,4,7.675
DB00861,8.0,hours,False,1,8.0
DB00862,4.0,hours,False,1,4.0
DB00056,64.0,hours,False,1,64.0
DB00798,52.0,minutes,False,2,0.8666666666666667
DB08898,7.3,hours,False,2,7.3
DB00865,16.0,hours,False,1,16.0
DB00866,2.0,hours,False,1,2.0
DB00867,1.7,hours,False,1,1.7
DB00868,1.01,hours,False,1,1.01
DB00869,62.0,days,True,2,2900.9700000000003
DB00871,3.15,hours,False,2,3.15
DB00872,5.0,hours,False,1,5.0
DB14596,2.8,hours,False,1,2.8
DB00875,19.0,hours,True,2,269.5
DB00876,5.0,hours,False,1,5.0
DB00877,62.0,hours,False,1,62.0
DB00879,10.0,hours,False,1,10.0
DB00880,45.0,minutes,False,1,0.75
DB00881,2.3,hours,False,1,2.3
DB00882,5.0,days,False,1,120.0
DB00883,1.0,hours,False,1,1.0
DB00884,281.25,hours,False,2,281.25
DB00885,4.5,hours,False,1,4.5
DB00887,60.0,minutes,False,1,1.0
DB00888,15.0,minutes,False,1,0.25
DB00889,6.5,hours,False,2,6.5
DB00891,6.0,hours,False,1,6.0
DB00893,2.5,hours,False,2,2.5
DB00896,1.0,hours,False,1,1.0
DB00897,1.5,hours,False,1,1.5
DB00899,1.0,minutes,False,1,0.016666666666666666
DB00905,45.0,minutes,False,1,0.75
DB00906,7.0,hours,False,1,7.0
DB00907,1.0,hours,False,1,1.0
DB14115,28.0,days,False,1,672.0
DB01275,121.24000000000001,minutes,True,5,2.8466666666666667
DB00909,84.0,hours,False,2,84.0
DB00910,4.0,hours,False,1,4.0
DB00911,12.5,hours,False,2,12.5
DB00912,1.0,hours,False,1,1.0
DB00588,10.866666666666667,hours,False,3,10.866666666666667
DB00916,6.65,hours,False,2,6.65
DB00917,0.0,minutes,False,1,0.0
DB00918,3.0,hours,False,1,3.0
DB00919,5.5,hours,False,2,5.5
DB00920,12.5,hours,False,2,12.5
DB00921,98.375,hours,True,2,16.758333333333333
DB00922,1.0,hours,False,1,1.0
DB00923,2.6,hours,False,1,2.6
DB00925,24.0,hours,False,1,24.0
DB00926,120.0,days,False,1,2880.0
DB00927,2.0,hours,False,1,2.0
DB00928,41.0,minutes,False,1,0.6833333333333333
DB00929,0.9102666666666667,hours,False,3,0.9102666666666667
DB00931,14.0,hours,False,1,14.0
DB00932,5.0,hours,False,1,5.0
DB00933,24.0,hours,False,1,24.0
DB01005,1.85,hours,False,2,1.85
DB00938,5.5,hours,False,1,5.5
DB00939,0.8,hours,False,1,0.8
DB00943,2.0,hours,False,1,2.0
DB00945,13.0,minutes,False,1,0.21666666666666667
DB00946,5.0,days,False,1,120.0
DB00947,40.0,days,False,1,960.0
DB00948,1.3,hours,False,1,1.3
DB00949,20.0,hours,False,1,20.0
DB00950,11.0,hours,False,1,11.0
DB00951,1.25,hours,False,2,1.25
DB00952,5.0,hours,False,1,5.0
DB00954,26.0,hours,False,2,26.0
DB00955,2.5,hours,False,1,2.5
DB00956,7.0,hours,False,1,7.0
DB00958,1.85,hours,False,2,1.85
DB00959,2.3,hours,False,1,2.3
DB00960,1.5,hours,False,2,1.5
DB00557,17.525,hours,False,4,17.525
DB00962,1.0,hours,False,1,1.0
DB00964,8.0,hours,False,1,8.0
DB00966,24.0,hours,False,1,24.0
DB00967,27.0,hours,False,1,27.0
DB00968,97.5,minutes,False,2,1.625
DB00969,1.5,hours,False,1,1.5
DB00970,36.0,hours,False,1,36.0
DB00973,22.0,hours,False,1,22.0
DB00974,20.0,minutes,False,1,0.3333333333333333
DB00975,40.0,minutes,False,1,0.6666666666666666
DB00976,6.0,hours,False,2,6.0
DB00977,18.05,hours,False,2,18.05
DB00978,8.0,hours,False,1,8.0
DB00980,1.0,hours,False,1,1.0
DB00982,13.5,hours,False,2,13.5
DB12698,33.5,days,True,2,68.0
DB01279,17.5,minutes,False,2,0.2916666666666667
DB00986,12.276666666666666,hours,False,3,12.276666666666666
DB00987,10.0,minutes,False,1,0.16666666666666666
DB00988,2.0,minutes,False,1,0.03333333333333333
DB00989,1.5,hours,False,1,1.5
DB00990,24.0,hours,False,1,24.0
DB00991,54.9,hours,False,1,54.9
DB00993,5.0,hours,False,1,5.0
DB00996,28.5,hours,False,2,28.5
DB00997,25.666666666666668,hours,False,3,25.666666666666668
DB00998,26.0,hours,False,1,26.0
DB00999,5.6,hours,False,1,5.6
DB00441,2.4,hours,False,2,2.4
DB01002,3.3,hours,False,1,3.3
DB01003,1.3,hours,False,1,1.3
DB00710,37.0,hours,False,1,37.0
DB01181,7.0,hours,False,1,7.0
DB05039,42.75,hours,False,2,42.75
DB11577,12.0,minutes,False,1,0.2
DB01006,42.0,hours,False,1,42.0
DB01008,2.6,hours,False,1,2.6
DB01009,1.1,hours,False,1,1.1
DB01010,20.0,minutes,False,2,0.33333333333333337
DB01011,1.9,hours,False,1,1.9
DB00328,10.683333333333332,hours,False,6,10.683333333333332
DB01016,4.0,hours,False,2,4.0
DB01017,13.05,hours,False,2,13.05
DB01018,17.0,hours,False,1,17.0
DB01020,5.0,hours,False,1,5.0
DB01022,73.5,minutes,False,2,1.225
DB01024,8.0,hours,False,1,8.0
DB01025,3.5,hours,False,1,3.5
DB01026,5.0,hours,False,2,5.0
DB01029,11.0,hours,False,1,11.0
DB01030,2.0,hours,False,1,2.0
DB01031,2.5,hours,False,1,2.5
DB01032,6.0,hours,False,1,6.0
DB01033,19.166666666666668,hours,True,3,4.416666666666667
DB01035,2.5,hours,False,1,2.5
DB01036,1.9,hours,False,1,1.9
DB01037,1.2,hours,False,1,1.2
DB01039,9.5,hours,False,2,9.5
DB01611,67.83333333333333,days,False,3,1628.0
DB01042,38.25,hours,True,2,1.375
DB01043,60.0,hours,False,1,60.0
DB01044,7.0,hours,False,1,7.0
DB01045,3.35,hours,False,1,3.35
DB01046,0.9,hours,False,1,0.9
DB01048,1.54,hours,False,1,1.54
DB01049,8.25,hours,False,2,8.25
DB01050,2.15,hours,False,2,2.15
DB01051,6.0,hours,False,1,6.0
DB13178,5.22,hours,False,1,5.22
DB01058,0.8,hours,False,1,0.8
DB01059,3.0,hours,False,1,3.0
DB01060,61.3,minutes,False,1,1.0216666666666665
DB08949,1.0,hours,False,1,1.0
DB09564,25.0,hours,False,1,25.0
DB09156,6.2,hours,False,1,6.2
DB16756,8.33,hours,False,1,8.33
DB01064,21.25,minutes,False,2,0.35416666666666663
DB01065,35.0,minutes,False,1,0.5833333333333334
DB09236,13.0,hours,False,1,13.0
DB01067,2.0,hours,False,1,2.0
DB01069,12.0,hours,False,1,12.0
DB12942,2.4,hours,False,1,2.4
DB00555,18.4,hours,False,2,18.4
DB01073,20.0,hours,False,1,20.0
DB01074,1.0,days,False,2,24.0
DB01076,14.0,hours,False,1,14.0
DB01077,1.0,hours,False,1,1.0
DB01078,36.0,hours,False,1,36.0
DB12825,10.6,hours,False,2,10.6
DB01202,6.0,hours,False,1,6.0
DB06282,7.05,hours,False,1,7.05
DB01081,12.0,hours,False,1,12.0
DB01082,2.5,hours,False,1,2.5
DB01083,1.0,hours,False,1,1.0
DB01084,3.0,hours,False,1,3.0
DB01085,0.76,hours,False,1,0.76
DB01087,3.7,hours,False,1,3.7
DB01088,20.0,minutes,False,1,0.3333333333333333
DB01091,92.5,hours,False,2,92.5
DB01095,3.0,hours,False,1,3.0
DB01096,1.0,hours,False,1,1.0
DB01097,2.0,weeks,False,1,336.0
DB01098,19.0,hours,False,1,19.0
DB01099,2.4,hours,False,1,2.4
DB01100,29.0,hours,False,1,29.0
DB01101,0.75,hours,False,1,0.75
DB01102,8.0,minutes,False,1,0.13333333333333333
DB01103,5.0,days,False,1,120.0
DB08820,12.0,hours,False,2,12.0
DB01105,1.1,hours,False,1,1.1
DB01106,36.0,hours,False,1,36.0
DB01107,6.0,hours,False,1,6.0
DB01108,8.0,hours,False,1,8.0
DB01109,60.125,minutes,True,4,1.125
DB01110,24.0,hours,False,1,24.0
DB01113,0.5,hours,False,1,0.5
DB01114,21.0,hours,False,1,21.0
DB01115,2.0,hours,False,1,2.0
DB01117,2.2,days,False,1,52.800000000000004
DB01137,6.0,hours,False,1,6.0
DB00281,1.5,hours,False,1,1.5
DB01120,10.4,hours,False,1,10.4
DB01121,22.0,hours,False,1,22.0
DB01124,7.0,hours,False,1,7.0
DB01128,5.9,days,False,1,141.60000000000002
DB01129,1.0,hours,False,1,1.0
DB01131,20.0,hours,False,1,20.0
DB01132,3.0,hours,False,1,3.0
DB01133,95.0,hours,False,2,95.0
DB13200,32.0,hours,False,1,32.0
DB01136,7.0,hours,False,1,7.0
DB01255,4.0,hours,False,2,4.0
DB01138,4.0,hours,False,1,4.0
DB01140,1.5,hours,False,1,1.5
DB01141,14.0,hours,False,1,14.0
DB01142,15.0,hours,False,1,15.0
DB01143,8.0,minutes,False,1,0.13333333333333333
DB01145,3.0,hours,False,1,3.0
DB01149,2.0,hours,False,1,2.0
DB01150,1.3,hours,False,1,1.3
DB01151,7.0,hours,False,1,7.0
DB01155,7.0,hours,False,1,7.0
DB01156,24.0,hours,False,1,24.0
DB01157,11.0,hours,False,1,11.0
DB09198,110.0,minutes,False,1,1.8333333333333333
DB01160,1.5,hours,True,2,1.5
DB00186,20.6,hours,True,5,6.833333333333333
DB01163,2.0,hours,False,2,2.0
DB01165,9.0,hours,False,1,9.0
DB01166,11.0,hours,False,1,11.0
DB01167,21.0,hours,False,1,21.0
DB01168,10.0,minutes,False,1,0.16666666666666666
DB01170,1.5,days,False,1,36.0
DB01171,2.5,hours,False,2,2.5
DB01172,2.5,hours,False,1,2.5
DB01173,13.0,hours,False,1,13.0
DB01174,66.0,hours,False,2,66.0
DB01176,20.0,hours,False,1,20.0
DB01177,22.0,hours,False,1,22.0
DB01179,1.0,hours,False,1,1.0
DB01182,2.0,hours,False,1,2.0
DB12281,11.0,days,False,1,264.0
DB13125,27.0,hours,False,1,27.0
DB09409,27.7,hours,False,1,27.7
DB09481,27.7,hours,False,1,27.7
DB01184,7.0,hours,False,1,7.0
DB01185,9.2,hours,False,1,9.2
DB01186,27.0,hours,False,1,27.0
DB01189,8.16,minutes,False,1,0.136
DB09407,27.7,hours,False,1,27.7
DB00934,51.0,hours,False,1,51.0
DB00358,10.95,days,False,2,262.8
DB01191,17.0,hours,False,1,17.0
DB01192,1.3,hours,False,1,1.3
DB01193,3.0,hours,False,1,3.0
DB01194,111.0,days,False,1,2664.0
DB00961,5.3,hours,False,2,5.3
DB01196,20.0,hours,False,1,20.0
DB01197,2.0,hours,False,1,2.0
DB01198,8.45,hours,False,2,8.45
DB01199,1.0,hours,False,1,1.0
DB01200,2.0,hours,False,1,2.0
DB00760,1.25,hours,False,2,1.25
DB01203,20.0,hours,False,1,20.0
DB01204,75.0,hours,False,1,75.0
DB00563,3.15,hours,False,4,3.15
DB01206,94.0,minutes,False,1,1.5666666666666667
DB00367,28.775,hours,False,4,28.775
DB00422,2.6666666666666665,hours,False,3,2.6666666666666665
DB00683,35.028571428571425,hours,True,7,2.5785714285714287
DB01210,20.0,hours,False,1,20.0
DB01211,3.0,hours,False,1,3.0
DB01212,15.4,hours,False,2,15.4
DB01215,10.0,hours,False,1,10.0
DB01217,50.0,hours,False,1,50.0
DB01218,6.0,days,False,1,144.0
DB01220,6.0,hours,False,1,6.0
DB01221,186.0,minutes,False,1,3.1
DB01223,7.0,hours,False,1,7.0
DB00447,3.3,hours,False,2,3.3
DB13615,2.045,hours,False,2,2.045
DB01227,2.6,days,False,1,62.400000000000006
DB01228,1.0,hours,False,1,1.0
DB01229,52.7,hours,False,1,52.7
DB01230,12.0,hours,False,1,12.0
DB01231,4.0,hours,False,1,4.0
DB00331,11.9,hours,False,2,11.9
DB01234,4.933333333333334,hours,False,3,4.933333333333334
DB01235,17.933333333333334,hours,True,3,1.5444444444444443
DB01237,1.0,hours,False,1,1.0
DB01238,94.00999999999999,hours,False,3,94.00999999999999
DB01239,8.0,hours,False,1,8.0
DB01240,6.0,minutes,False,1,0.1
DB01241,2.0,hours,False,3,2.0
DB08893,38.0,hours,False,2,38.0
DB01244,24.0,hours,False,1,24.0
DB01247,1.5,hours,False,1,1.5
DB01248,41.775,hours,True,4,31.941666666666666
DB01249,12.55,hours,False,2,12.55
DB01250,0.9,hours,False,1,0.9
DB01251,8.0,hours,False,1,8.0
DB01253,6.0,hours,True,2,1.0833333333333333
DB01254,3.0,hours,False,1,3.0
DB01226,3.0500000000000003,minutes,False,2,0.050833333333333335
DB01257,271.0,hours,False,2,271.0
DB01259,14.2,hours,False,1,14.2
DB01261,11.7,hours,False,2,11.7
DB01262,0.5800000000000001,hours,False,2,0.5800000000000001
DB01263,35.0,hours,False,1,35.0
DB01264,15.0,hours,False,1,15.0
DB01265,15.0,hours,False,1,15.0
DB01267,23.0,hours,False,1,23.0
DB01268,40.0,hours,False,1,40.0
DB01269,7.5,days,False,1,180.0
DB09413,10.9,hours,False,2,10.9
DB01271,44.0,minutes,False,1,0.7333333333333333
DB01272,2.3,hours,False,1,2.3
DB01273,24.0,hours,False,1,24.0
DB00471,2.7,hours,False,1,2.7
DB00688,17.25,hours,False,2,17.25
DB00779,0.55,hours,False,2,0.55
DB01276,2.4,hours,False,1,2.4
DB01277,5.8,hours,False,1,5.8
DB01278,48.0,minutes,False,1,0.8
DB00763,11.5,hours,False,3,11.5
DB06230,21.433333333333334,hours,True,3,7.9944444444444445
DB01183,1.875,hours,False,4,1.875
DB01282,40.0,minutes,False,1,0.6666666666666666
DB01283,4.0,hours,False,1,4.0
DB01284,15.0,minutes,False,1,0.25
DB01285,15.0,minutes,False,1,0.25
DB01291,2.0,hours,False,1,2.0
DB01294,9.333333333333334,days,True,3,208.66666666666666
DB01296,8.055,hours,False,2,8.055
DB01306,81.0,minutes,False,1,1.35
DB01307,5.0,hours,False,1,5.0
DB01309,42.0,minutes,False,1,0.7
DB01320,13.5,hours,True,2,6.125
DB01326,46.0,minutes,False,2,0.7666666666666666
DB01327,1.9,hours,False,2,1.9
DB01328,4.5,hours,False,1,4.5
DB01329,2.0,hours,False,1,2.0
DB01331,41.0,minutes,False,1,0.6833333333333333
DB01337,1.5,hours,False,1,1.5
DB01338,87.0,minutes,False,1,1.45
DB01339,51.0,minutes,False,1,0.85
DB01340,23.55,hours,False,2,23.55
DB01348,30.0,hours,False,1,30.0
DB01353,37.0,hours,False,1,37.0
DB01280,15.5,minutes,False,2,0.2583333333333333
DB13933,70.0,hours,False,1,70.0
DB00540,32.5,hours,False,2,32.5
DB01362,2.7,hours,False,2,2.7
DB01364,6.0,hours,False,1,6.0
DB01365,17.0,hours,False,1,17.0
DB01367,3.0,hours,False,1,3.0
DB01369,3.1,hours,False,1,3.1
DB01382,4.0,hours,False,1,4.0
DB01388,17.0,hours,False,1,17.0
DB01392,36.0,minutes,False,1,0.6
DB01393,1.0,hours,False,1,1.0
DB01395,30.0,hours,False,1,30.0
DB01399,1.0,hours,False,1,1.0
DB01400,52.0,minutes,False,1,0.8666666666666667
DB01403,20.0,hours,False,1,20.0
DB01405,8.0,hours,False,1,8.0
DB01406,24.0,hours,False,1,24.0
DB01407,36.0,hours,False,1,36.0
DB01408,13.0,hours,False,1,13.0
DB01409,34.0,hours,False,2,34.0
DB00104,36.1,hours,True,2,0.7
DB01414,1.2,hours,False,1,1.2
DB01416,2.09,hours,False,1,2.09
DB01418,8.0,hours,False,1,8.0
DB01420,4.5,days,False,1,108.0
DB01425,3.0,hours,False,1,3.0
DB01427,5.0,hours,False,1,5.0
DB01432,6.0,minutes,False,1,0.1
DB01436,3.0,hours,False,1,3.0
DB01437,10.0,hours,False,1,10.0
DB01440,30.0,minutes,False,1,0.5
DB01452,2.0,minutes,False,1,0.03333333333333333
DB01454,6.0,hours,False,1,6.0
DB01459,11.0,hours,False,1,11.0
DB01486,5.2,hours,False,1,5.2
DB01501,7.24,hours,False,1,7.24
DB16261,2.36,hours,False,1,2.36
DB00334,30.0,hours,False,1,30.0
DB01541,14.0,days,False,1,336.0
DB01544,18.0,hours,False,1,18.0
DB01551,4.0,hours,False,1,4.0
DB01553,65.0,hours,False,1,65.0
DB01556,40.0,hours,False,1,40.0
DB01558,10.0,hours,False,1,10.0
DB01559,4.0,hours,False,1,4.0
DB01233,5.0,hours,False,1,5.0
DB04896,6.0,hours,False,1,6.0
DB00410,20.0,minutes,False,1,0.3333333333333333
DB01577,4.0,hours,False,1,4.0
DB01579,19.0,hours,False,1,19.0
DB01580,1.0,hours,False,1,1.0
DB01586,3.5,days,False,1,84.0
DB01587,26.0,hours,False,1,26.0
DB01588,36.0,hours,False,1,36.0
DB01589,39.0,hours,False,1,39.0
DB01590,30.0,hours,False,1,30.0
DB01591,33.0,hours,False,1,33.0
DB01593,280.0,days,False,1,6720.0
DB01594,9.0,hours,False,1,9.0
DB01595,26.0,hours,False,1,26.0
DB01597,1.0,hours,False,1,1.0
DB01598,1.15,hours,False,2,1.15
DB01599,12.0,hours,False,1,12.0
DB01600,1.5,hours,False,1,1.5
DB01601,6.9,hours,False,1,6.9
DB01603,25.0,minutes,False,1,0.4166666666666667
DB01604,1.0,hours,False,1,1.0
DB01606,0.8049999999999999,hours,False,2,0.8049999999999999
DB01607,1.1,hours,False,1,1.1
DB01609,8.0,hours,False,1,8.0
DB00338,1.75,hours,False,2,1.75
DB09122,78.0,hours,False,1,78.0
DB06154,4.0,hours,False,1,4.0
DB12835,31.9,hours,False,1,31.9
DB01620,8.0,hours,False,1,8.0
DB01623,10.0,hours,False,1,10.0
DB01624,19.5,days,True,2,238.0
DB01628,22.0,hours,False,1,22.0
DB01656,17.0,hours,False,1,17.0
DB01685,5.0,hours,False,1,5.0
DB01708,12.0,hours,False,1,12.0
DB01764,0.7,hours,False,1,0.7
DB01892,9.0,hours,False,1,9.0
DB00417,15.0,hours,True,2,0.25
DB05154,17.45,hours,False,2,17.45
DB01956,0.7,hours,False,1,0.7
DB02546,2.0,hours,False,1,2.0
DB02638,0.9,hours,False,1,0.9
DB00043,25.0,days,False,2,600.0
DB03209,1.8,hours,False,1,1.8
DB03701,59.75,hours,False,2,59.75
DB03756,20.0,hours,False,1,20.0
DB04339,1.33,hours,False,1,1.33
DB04552,2.5,hours,False,1,2.5
DB04570,1.6,hours,False,1,1.6
DB04572,1.5,hours,False,1,1.5
DB04599,1.0,hours,False,1,1.0
DB04743,1.8,hours,False,1,1.8
DB04786,36.0,days,False,1,864.0
DB04794,1.0,hours,False,1,1.0
DB04829,3.0,hours,False,1,3.0
DB04832,8.4,hours,False,1,8.4
DB04834,141.0,minutes,False,1,2.35
DB04835,14.0,hours,False,1,14.0
DB04836,48.0,minutes,False,1,0.8
DB04839,67.0,hours,False,2,67.0
DB04841,18.0,days,False,1,432.0
DB00409,7.033333333333334,hours,False,3,7.033333333333334
DB04845,52.0,hours,False,1,52.0
DB04846,5.0,hours,False,1,5.0
DB04847,15.0,hours,False,1,15.0
DB04849,12.0,hours,False,1,12.0
DB04853,10.0,minutes,False,1,0.16666666666666666
DB04854,5.0,hours,False,1,5.0
DB04855,13.0,hours,False,1,13.0
DB04857,24.0,hours,False,1,24.0
DB04861,15.5,hours,False,2,15.5
DB04865,6.0,hours,False,1,6.0
DB04866,23.8,hours,False,1,23.8
DB04868,15.0,hours,False,1,15.0
DB04871,11.0,hours,False,1,11.0
DB04876,2.5,hours,False,2,2.5
DB04878,4.08,hours,False,1,4.08
DB04879,6.0,hours,False,1,6.0
DB04880,4.0,hours,False,1,4.0
DB04882,20.0,hours,False,1,20.0
DB04884,1.0,hours,False,1,1.0
DB04886,20.0,hours,False,1,20.0
DB04890,2.5,hours,False,1,2.5
DB04892,10.0,hours,False,1,10.0
DB04893,15.0,hours,False,1,15.0
DB04894,30.0,minutes,False,1,0.5
DB04898,3.0,hours,False,1,3.0
DB04899,18.0,minutes,False,1,0.3
DB04900,2.0,hours,False,1,2.0
DB04901,13.0,days,False,1,312.0
DB04908,11.0,hours,False,1,11.0
DB04911,245.0,hours,False,1,245.0
DB04912,3.8,hours,False,1,3.8
DB04920,1.0,minutes,False,1,0.016666666666666666
DB04931,22.5,hours,True,2,7.75
DB04933,50.4,hours,False,1,50.4
DB04938,26.0,hours,False,1,26.0
DB04944,1.0,weeks,False,1,168.0
DB04946,25.5,hours,False,2,25.5
DB04948,11.0,hours,False,1,11.0
DB04949,7.0,hours,False,1,7.0
DB04951,3.0,hours,False,1,3.0
DB04953,7.5,hours,False,1,7.5
DB04956,44.7,hours,False,1,44.7
DB04970,1.1,hours,False,1,1.1
DB04972,18.0,minutes,False,1,0.3
DB04975,0.64,hours,False,1,0.64
DB04982,3.0,hours,False,1,3.0
DB04985,0.35,hours,False,1,0.35
DB04991,8.0,hours,False,1,8.0
DB05010,4.0,hours,False,1,4.0
DB05016,2.0,hours,False,1,2.0
DB05018,3.5,hours,False,2,3.5
DB05032,8.0,hours,False,1,8.0
DB00621,4.775,hours,False,2,4.775
DB05084,1.0,hours,False,1,1.0
DB05087,34.0,hours,False,1,34.0
DB05098,24.9,minutes,False,1,0.415
DB05099,3.0,hours,False,1,3.0
DB05100,2.0,hours,False,1,2.0
DB05101,196.0,hours,False,1,196.0
DB05109,33.0,hours,False,1,33.0
DB05129,36.0,hours,False,1,36.0
DB05131,20.0,hours,False,1,20.0
DB05136,30.0,hours,False,1,30.0
DB00953,2.0,hours,False,1,2.0
DB00728,7.5,minutes,False,2,0.125
DB05229,35.0,minutes,False,1,0.5833333333333334
DB05239,44.0,hours,False,1,44.0
DB05246,1.4,hours,False,1,1.4
DB05254,24.0,hours,False,1,24.0
DB05260,25.0,hours,False,1,25.0
DB05262,23.3,hours,False,1,23.3
DB05266,19.0,hours,False,1,19.0
DB05271,4.0,hours,False,2,4.0
DB05294,19.0,days,False,1,456.0
DB05311,2.0,hours,False,1,2.0
DB01303,6.5,hours,False,3,6.5
DB05332,3.5,days,False,1,84.0
DB05351,1.0,hours,False,1,1.0
DB05467,8.7,hours,False,1,8.7
DB05521,6.5,hours,False,2,6.5
DB05528,1.0,months,False,1,730.485
DB05541,7.0,hours,False,1,7.0
DB05578,15.0,days,False,1,360.0
DB05631,2.08,hours,False,1,2.08
DB05667,3.5,hours,False,2,3.5
DB05679,20.0,days,False,3,480.0
DB05710,3.09,minutes,False,1,0.0515
DB05739,4.0,months,False,1,2921.94
DB05773,4.0,days,False,1,96.0
DB05777,10.91,days,True,2,33.91
DB05812,12.0,hours,False,1,12.0
DB05829,1.5,hours,False,1,1.5
DB05889,12.3,days,False,1,295.20000000000005
DB05941,3.55,days,False,2,85.2
DB05990,24.0,hours,False,1,24.0
DB06014,3.0,hours,False,1,3.0
DB06016,31.6,hours,False,1,31.6
DB06043,11.0,days,False,1,264.0
DB06045,1.5,hours,False,1,1.5
DB06077,13.0,hours,False,1,13.0
DB06081,16.0,hours,False,1,16.0
DB06119,50.0,hours,False,1,50.0
DB06137,4.0,hours,False,1,4.0
DB06144,3.0,days,False,1,72.0
DB01062,1.0,hours,False,2,1.0
DB00935,6.75,hours,False,2,6.75
DB06148,10.0,hours,False,1,10.0
DB06149,70.0,hours,False,1,70.0
DB00110,18.0,days,False,1,432.0
DB06152,10.0,hours,False,1,10.0
DB06153,23.0,hours,False,1,23.0
DB05885,8.0,hours,False,1,8.0
DB06155,11.0,days,False,2,264.0
DB06168,26.0,days,False,1,624.0
DB06176,3.0,hours,False,1,3.0
DB06186,14.7,days,False,1,352.79999999999995
DB06193,14.7,hours,False,1,14.7
DB06196,1.4,hours,False,1,1.4
DB06201,6.0,hours,False,1,6.0
DB06202,6.0,days,False,1,144.0
DB06203,21.0,hours,False,1,21.0
DB06204,4.0,hours,False,1,4.0
DB06205,2.0,minutes,False,1,0.03333333333333333
DB06206,2.0,hours,False,1,2.0
DB06207,13.3,hours,False,1,13.3
DB06209,7.4,hours,False,1,7.4
DB06210,23.5,hours,False,2,23.5
DB04895,10.0,days,False,1,240.0
DB06212,12.0,hours,False,1,12.0
DB06213,2.0,hours,False,1,2.0
DB01359,37.5,hours,False,4,37.5
DB06216,24.0,hours,False,1,24.0
DB06217,4.25,hours,False,2,4.25
DB06218,13.0,hours,False,1,13.0
DB06219,346.0,hours,False,1,346.0
DB00252,16.0,hours,False,2,16.0
DB06234,4.32,hours,False,1,4.32
DB06237,5.0,hours,False,1,5.0
DB06243,8.0,hours,False,1,8.0
DB06255,0.92,hours,False,2,0.92
DB06261,57.5,hours,True,2,38.325
DB06262,2.0,hours,False,1,2.0
DB06268,10.0,hours,False,1,10.0
DB06271,18.733333333333334,hours,False,3,18.733333333333334
DB06273,9.166666666666666,days,False,3,220.0
DB06274,10.0,hours,False,1,10.0
DB09268,7.2,hours,False,2,7.2
DB06283,2.9499999999999997,hours,False,2,2.9499999999999997
DB06285,1.0,hours,False,1,1.0
DB06287,17.3,hours,False,1,17.3
DB06288,8.0,hours,False,2,8.0
DB06290,25.5,hours,False,2,25.5
DB06292,13.350000000000001,hours,False,2,13.350000000000001
DB06335,2.5,hours,False,1,2.5
DB06343,20.0,days,False,1,480.0
DB06366,18.0,days,False,1,432.0
DB06372,8.6,days,False,1,206.39999999999998
DB06374,30.0,hours,False,1,30.0
DB06401,30.0,hours,False,1,30.0
DB06402,8.0,hours,False,1,8.0
DB06403,15.0,hours,False,1,15.0
DB06404,127.8,hours,False,2,127.8
DB06410,32.0,hours,False,1,32.0
DB06413,15.0,hours,False,1,15.0
DB06414,9.05,hours,False,1,9.05
DB01104,24.0,hours,False,2,24.0
DB06419,5.1499999999999995,hours,False,3,5.1499999999999995
DB06480,18.0,hours,False,1,18.0
DB06552,50.0,hours,False,1,50.0
DB06581,56.3,hours,False,1,56.3
DB06589,35.0,hours,False,1,35.0
DB06590,1.6,hours,False,1,1.6
DB06594,0.0,hours,False,1,0.0
DB06595,21.0,hours,False,1,21.0
DB06602,24.0,days,False,1,576.0
DB06603,30.0,hours,False,1,30.0
DB06605,12.7,hours,False,1,12.7
DB06606,4.5,days,False,1,108.0
DB06607,2.5,days,False,1,60.0
DB06608,14.0,days,False,1,336.0
DB06612,16.0,days,False,1,384.0
DB06616,22.5,hours,False,1,22.5
DB05316,57.0,hours,False,1,57.0
DB12615,3.5,hours,False,1,3.5
DB15218,13.8,days,False,2,331.2
DB06626,2.5,hours,False,1,2.5
DB06636,80.0,hours,False,1,80.0
DB06637,4.484999999999999,hours,False,2,4.484999999999999
DB06643,25.4,days,False,1,609.5999999999999
DB06650,16.55,days,False,2,397.20000000000005
DB06654,22.0,hours,False,1,22.0
DB06655,13.0,hours,False,1,13.0
DB06663,12.0,hours,False,1,12.0
DB06670,87.3,hours,False,1,87.3
DB06674,2.0,weeks,False,1,336.0
DB06678,10.0,hours,False,1,10.0
DB06681,9.0,days,False,2,216.0
DB06684,24.5,hours,False,2,24.5
DB06692,80.0,hours,True,2,6.25
DB00860,2.1,hours,False,1,2.1
DB06696,3.0,hours,False,1,3.0
DB06697,1.9000000000000001,hours,False,2,1.9000000000000001
DB06698,3.0,hours,False,1,3.0
DB06699,25.189999999999998,days,True,3,352.32666666666665
DB06701,4.4125,hours,False,4,4.4125
DB00794,6.666666666666667,hours,False,3,6.666666666666667
DB06704,13.2,hours,False,1,13.2
DB06705,18.5,hours,False,1,18.5
DB06708,4.5,days,False,1,108.0
DB06710,6.0,hours,False,1,6.0
DB06716,0.81,hours,False,1,0.81
DB06717,9.0,hours,False,1,9.0
DB06718,24.0,hours,False,1,24.0
DB06719,43.666666666666664,minutes,True,3,1.0555555555555556
DB06720,11.0,minutes,False,1,0.18333333333333332
DB06725,3.0,hours,False,1,3.0
DB06730,16.0,hours,False,1,16.0
DB06731,4.0,days,False,1,96.0
DB06736,4.0,hours,False,1,4.0
DB06738,2.8449999999999998,hours,False,2,2.8449999999999998
DB06742,7.0,hours,False,1,7.0
DB06751,9.219999999999999,hours,False,2,9.219999999999999
DB06752,2.5,days,False,2,60.0
DB06754,10.5,hours,False,2,10.5
DB06755,6.0,days,False,1,144.0
DB06756,14.38,hours,False,1,14.38
DB06759,55.0,hours,False,1,55.0
DB06766,2.0,hours,False,1,2.0
DB06769,40.0,minutes,False,1,0.6666666666666666
DB01236,20.0,hours,False,1,20.0
DB01208,20.0,hours,False,1,20.0
DB01079,4.6,hours,False,1,4.6
DB06773,10.2,minutes,False,1,0.16999999999999998
DB06774,24.45,hours,True,2,12.2075
DB06775,5.6,hours,False,1,5.6
DB06778,13.0,days,False,1,312.0
DB06779,2.75,hours,False,2,2.75
DB06784,78.26,hours,False,1,78.26
DB06785,13.0,hours,False,1,13.0
DB06788,3.92,hours,False,1,3.92
DB06789,16.0,days,False,1,384.0
DB06791,22.0,days,False,1,528.0
DB06792,53.0,hours,False,1,53.0
DB06794,8.5,hours,False,1,8.5
DB06796,35.0,minutes,False,2,0.5833333333333334
DB06799,3.0,hours,False,1,3.0
DB06800,7.515000000000001,hours,False,2,7.515000000000001
DB06809,3.72,hours,False,5,3.72
DB06811,1.5,hours,False,1,1.5
DB06813,12.0,hours,False,1,12.0
DB06817,9.0,hours,False,1,9.0
DB06819,0.76,hours,False,1,0.76
DB06822,76.5,minutes,False,2,1.275
DB06823,27.4,hours,False,2,27.4
DB06824,13.8,hours,False,1,13.8
DB04844,13.75,hours,False,2,13.75
DB01041,6.17,hours,False,1,6.17
DB06826,14.0,minutes,False,1,0.23333333333333334
DB07565,0.6,hours,False,1,0.6
DB08439,22.0,minutes,False,1,0.36666666666666664
DB08604,21.0,hours,False,1,21.0
DB08792,3.0,hours,False,1,3.0
DB08804,8.18,hours,True,5,35.78
DB08806,5.0,hours,False,1,5.0
DB08808,2.0,hours,False,1,2.0
DB08810,9.25,hours,False,2,9.25
DB08811,6.0,hours,False,1,6.0
DB08813,3.5,hours,False,1,3.5
DB08814,17.4,hours,False,2,17.4
DB08815,23.5,hours,False,2,23.5
DB08816,8.0,hours,False,1,8.0
DB08818,17.0,hours,False,1,17.0
DB00374,4.0,hours,False,1,4.0
DB06825,18.0,minutes,True,3,1.2833333333333334
DB08822,11.0,hours,False,1,11.0
DB08824,13.2,hours,False,1,13.2
DB08826,1.9,hours,False,1,1.9
DB08827,39.7,hours,False,1,39.7
DB08828,8.0,days,False,2,192.0
DB08836,13.1,hours,False,1,13.1
DB08860,12.0,hours,False,1,12.0
DB08862,2.5,minutes,False,1,0.041666666666666664
DB08864,34.0,hours,False,1,34.0
DB08865,42.0,hours,False,1,42.0
DB08867,32.4,hours,False,1,32.4
DB08868,6.0,days,False,1,144.0
DB08869,32.0,minutes,False,2,0.5333333333333333
DB08870,4.0,days,False,1,96.0
DB08871,40.0,hours,False,1,40.0
DB08873,3.4,hours,False,1,3.4
DB08875,55.0,hours,False,1,55.0
DB08876,18.9,minutes,False,1,0.31499999999999995
DB08877,3.0,hours,False,1,3.0
DB00165,15.0,days,False,1,360.0
DB01224,6.0,hours,False,1,6.0
DB08880,18.0,days,False,1,432.0
DB08881,57.0,hours,False,1,57.0
DB08882,155.0,hours,False,1,155.0
DB08883,105.0,hours,False,1,105.0
DB00908,4.5,hours,False,2,4.5
DB08885,7.13,days,False,1,171.12
DB08886,18.2,hours,False,1,18.2
DB08887,89.0,hours,False,1,89.0
DB08889,1.0,hours,False,1,1.0
DB00481,27.0,hours,False,1,27.0
DB08894,41.96666666666667,hours,False,3,41.96666666666667
DB08895,3.0,hours,False,1,3.0
DB08896,28.0,hours,False,1,28.0
DB08897,3.7,hours,True,2,2.52
DB01270,17.0,days,True,2,2208.0
DB08899,6.8,days,False,2,163.2
DB08900,1.65,hours,False,2,1.65
DB08901,24.0,hours,False,1,24.0
DB08902,15.5,days,False,2,372.0
DB08903,5.5,months,False,1,4017.6675
DB08904,14.0,days,False,1,336.0
DB08905,18.0,minutes,False,1,0.3
DB00863,2.75,hours,False,2,2.75
DB08907,11.85,hours,False,2,11.85
DB08910,8.45,hours,False,2,8.45
DB08911,3.9,days,False,1,93.6
DB08912,8.0,hours,False,1,8.0
DB08913,11.4,days,False,1,273.6
DB11853,42.9,hours,False,2,42.9
DB11085,14.0,hours,False,1,14.0
DB08918,12.0,hours,False,1,12.0
DB08922,1.9,hours,False,1,1.9
DB08930,14.0,hours,False,1,14.0
DB08931,9.5,hours,False,2,9.5
DB08932,16.0,hours,False,1,16.0
DB08934,0.4,hours,False,1,0.4
DB08935,28.4,days,False,1,681.5999999999999
DB08936,12.0,hours,False,1,12.0
DB00478,23.333333333333332,hours,False,3,23.333333333333332
DB08951,2.3,hours,False,1,2.3
DB08961,2.0,hours,False,1,2.0
DB08995,43.1,hours,False,2,43.1
DB08996,10.0,hours,False,1,10.0
DB09017,4.4,hours,False,1,4.4
DB09019,6.6,hours,False,1,6.6
DB09026,24.0,hours,False,1,24.0
DB09027,47.0,hours,False,1,47.0
DB09028,4.8,hours,False,1,4.8
DB09029,27.0,days,False,1,648.0
DB09030,5.5,days,False,2,132.0
DB09031,18.974999999999998,days,False,2,455.4
DB09033,25.0,days,False,1,600.0
DB09034,12.0,hours,False,1,12.0
DB09035,23.35,days,False,2,560.4
DB09036,20.6,days,False,1,494.40000000000003
DB09037,22.0,days,False,1,528.0
DB09038,12.4,hours,False,1,12.4
DB09039,6.5,hours,False,1,6.5
DB09040,29.9,hours,False,1,29.9
DB09041,25.5,hours,False,1,25.5
DB09042,12.0,hours,False,1,12.0
DB09043,4.0,days,False,1,96.0
DB09046,3.8,hours,False,1,3.8
DB09048,96.0,hours,False,1,96.0
DB09049,6.0,hours,False,1,6.0
DB09051,21.71,minutes,False,2,0.3618333333333333
DB14840,14.8,hours,False,1,14.8
DB15305,50.0,hours,False,1,50.0
DB09053,4.0,hours,False,1,4.0
DB09054,8.2,hours,False,1,8.2
DB09057,24.3,days,False,1,583.2
DB09060,2.7,hours,False,1,2.7
DB09061,1.625,hours,False,2,1.625
DB09063,41.0,hours,False,1,41.0
DB09065,3.0,hours,False,1,3.0
DB09066,70.0,hours,False,1,70.0
DB09067,42.3,minutes,False,2,0.705
DB09068,66.0,hours,False,1,66.0
DB09069,9.754999999999999,hours,False,2,9.754999999999999
DB09070,45.0,hours,False,1,45.0
DB09071,1.3,hours,False,1,1.3
DB09073,29.0,hours,False,1,29.0
DB09074,6.1,hours,False,1,6.1
DB09075,10.0,hours,False,1,10.0
DB09076,11.0,hours,False,1,11.0
DB09077,10.0,days,False,1,240.0
DB09078,28.0,hours,False,1,28.0
DB09079,9.75,hours,False,2,9.75
DB09080,33.5,hours,False,2,33.5
DB00073,23.728571428571428,days,False,7,569.4857142857143
DB09083,2.0,hours,False,1,2.0
DB09084,10.35,hours,False,2,10.35
DB09089,1.885,hours,False,2,1.885
DB09090,1.5,hours,False,1,1.5
DB09092,1.6,hours,False,1,1.6
DB09093,5.6,hours,False,1,5.6
DB09095,4.0,hours,False,1,4.0
DB09097,14.25,hours,False,2,14.25
DB09098,10.8,hours,True,2,1.2125000000000001
DB09099,1.0,minutes,False,1,0.016666666666666666
DB09101,8.7,hours,False,1,8.7
DB09102,12.0,hours,False,1,12.0
DB09103,2.0,hours,False,1,2.0
DB09105,5.0,days,False,1,120.0
DB09106,14.05,hours,False,2,14.05
DB09107,136.5,hours,False,2,136.5
DB09110,0.7649999999999999,hours,False,2,0.7649999999999999
DB09111,2.5,hours,False,1,2.5
DB09112,0.4,hours,False,1,0.4
DB09114,20.0,hours,False,1,20.0
DB09116,92.4,minutes,False,1,1.54
DB09117,7.5,hours,False,1,7.5
DB09118,4.5,hours,False,1,4.5
DB09119,11.5,hours,False,2,11.5
DB06228,8.0,hours,False,2,8.0
DB09123,9.0,hours,False,1,9.0
DB09124,4.0,hours,False,1,4.0
DB09128,91.0,hours,False,1,91.0
DB09129,31.0,hours,False,1,31.0
DB09132,1.7,hours,False,2,1.7
DB09133,50.0,minutes,False,2,0.8333333333333334
DB09134,1.5,hours,False,1,1.5
DB09135,119.5,minutes,False,2,1.9916666666666667
DB09137,6.02,hours,False,1,6.02
DB09138,6.02,hours,False,1,6.02
DB09139,58.166666666666664,minutes,False,3,0.9694444444444444
DB09140,122.24,seconds,False,1,0.03395555555555555
DB09141,7.4,minutes,False,1,0.12333333333333334
DB09143,28.0,days,False,1,672.0
DB09144,2.0,hours,False,1,2.0
DB09146,6.0,hours,False,1,6.0
DB09148,1.0,hours,False,1,1.0
DB09153,17.0,minutes,False,1,0.2833333333333333
DB09154,18.0,minutes,False,1,0.3
DB09155,0.8,seconds,False,1,0.00022222222222222223
DB11614,10.7,hours,False,4,10.7
DB09161,10.475,minutes,True,4,1.6495833333333334
DB09164,19.0,minutes,False,1,0.31666666666666665
DB09167,20.4,hours,False,1,20.4
DB09183,5.5,hours,False,1,5.5
DB09185,7.02,hours,False,1,7.02
DB09194,21.7,hours,False,1,21.7
DB09195,11.0,hours,False,1,11.0
DB09204,7.2,hours,False,1,7.2
DB09205,1.0,hours,False,1,1.0
DB09208,50.35,days,True,4,230.9
DB09209,50.0,hours,False,2,50.0
DB09210,8.5,hours,False,1,8.5
DB09211,1.64,hours,False,1,1.64
DB09212,15.0,hours,False,1,15.0
DB09213,2.2,hours,False,1,2.2
DB09214,1.65,hours,False,1,1.65
DB09216,7.055,hours,False,2,7.055
DB09220,1.0,hours,False,1,1.0
DB09222,78.7,hours,False,1,78.7
DB09223,10.7,hours,False,1,10.7
DB09224,4.5,hours,False,2,4.5
DB09225,21.0,hours,False,1,21.0
DB09229,1.1,hours,False,1,1.1
DB09230,16.0,hours,False,1,16.0
DB09231,1.0,hours,False,1,1.0
DB09232,20.4,minutes,False,1,0.33999999999999997
DB09235,4.0,hours,False,1,4.0
DB16007,14.405000000000001,hours,False,2,14.405000000000001
DB09237,30.0,hours,False,1,30.0
DB09238,5.636666666666667,hours,False,3,5.636666666666667
DB09241,5.0,hours,False,1,5.0
DB09242,2.4000000000000004,hours,False,2,2.4000000000000004
DB09244,0.7,hours,False,1,0.7
DB09245,1.0,hours,False,1,1.0
DB09255,21.95,hours,False,2,21.95
DB09256,11.0,hours,False,1,11.0
DB09257,3.1,hours,False,1,3.1
DB09258,5.0,hours,False,1,5.0
DB09262,3.0,hours,False,1,3.0
DB09264,28.65,hours,True,2,5.541666666666667
DB09265,3.0,hours,False,1,3.0
DB09266,3.9,hours,False,2,3.9
DB09267,60.0,hours,False,1,60.0
DB11689,9.466666666666667,hours,False,3,9.466666666666667
DB09270,21.7,hours,False,1,21.7
DB09272,3.7,hours,False,1,3.7
DB16629,5.7,hours,False,1,5.7
DB09108,14.533333333333333,hours,False,3,14.533333333333333
DB09275,5.0,days,False,1,120.0
DB09276,12.5,days,False,1,300.0
DB09277,20.4,minutes,False,1,0.33999999999999997
DB09279,7.0,hours,False,1,7.0
DB09280,26.0,hours,False,1,26.0
DB09281,16.0,hours,False,1,16.0
DB09283,1.225,hours,False,2,1.225
DB09285,2.0,hours,False,1,2.0
DB09286,17.0,hours,False,1,17.0
DB09287,4.1,hours,False,1,4.1
DB09288,3.6,hours,False,1,3.6
DB09289,2.5,hours,False,1,2.5
DB09291,169.0,hours,False,1,169.0
DB09292,1.1,hours,False,1,1.1
DB09293,8.04,days,False,1,192.95999999999998
DB09295,2.0,hours,False,1,2.0
DB09296,21.0,hours,False,1,21.0
DB09297,5.5,hours,False,1,5.5
DB09299,0.51,hours,False,1,0.51
DB09300,1.0,hours,False,1,1.0
DB09301,200.0,minutes,True,3,8.25
DB09302,14.5,days,False,2,348.0
DB09310,7.1,days,False,1,170.39999999999998
DB09312,3.0,days,False,1,72.0
DB09313,90.0,minutes,False,1,1.5
DB09315,5.245,days,False,1,125.88
DB09316,22.5,hours,True,2,20.041666666666668
DB09320,30.0,minutes,False,1,0.5
DB09322,3.0,hours,False,1,3.0
DB09324,1.0,hours,False,1,1.0
DB09325,11.5,hours,True,2,87659.7
DB09326,2.84,minutes,False,1,0.04733333333333333
DB09328,2.0,hours,False,1,2.0
DB09330,48.0,hours,False,1,48.0
DB09331,19.0,days,False,2,456.0
DB09517,1.5550000000000002,hours,False,5,1.5550000000000002
DB09341,52.76666666666667,minutes,False,3,0.8794444444444444
DB09343,2.1,hours,False,1,2.1
DB09344,23.0,minutes,False,2,0.3833333333333333
DB09348,225.0,minutes,False,1,3.75
DB09350,32.0,hours,False,1,32.0
DB09351,20.0,hours,False,1,20.0
DB09363,102.5,hours,False,2,102.5
DB09374,150.0,seconds,False,1,0.041666666666666664
DB09381,1.0,hours,False,1,1.0
DB09397,4.26,hours,True,2,3.0308333333333333
DB09398,110.0,minutes,False,1,1.8333333333333333
DB14960,28.3,hours,False,1,28.3
DB06145,6.95,hours,False,4,6.95
DB09418,6.0,hours,False,1,6.0
DB09419,75.0,minutes,False,1,1.25
DB09420,13.2,hours,False,1,13.2
DB09425,67.9,hours,False,1,67.9
DB09436,6.02,hours,False,1,6.02
DB09462,30.0,minutes,False,1,0.5
DB09472,8.5,hours,False,1,8.5
DB09473,44.666666666666664,hours,False,3,44.666666666666664
DB09477,11.0,hours,False,1,11.0
DB09479,1.27,minutes,False,1,0.021166666666666667
DB09488,2.7,hours,False,2,2.7
DB09490,2.8,days,False,1,67.19999999999999
DB09493,17.509999999999998,hours,False,2,17.509999999999998
DB09498,50.5,days,False,1,1212.0
DB09499,101.0,minutes,False,2,1.6833333333333333
DB09502,10.0,minutes,False,1,0.16666666666666666
DB09513,26.0,days,True,2,486.0
DB09516,30.0,minutes,False,1,0.5
DB00649,0.8,hours,False,1,0.8
DB00708,140.2,minutes,True,5,3.516666666666667
DB09532,45.0,minutes,False,1,0.75
DB09539,79.0,hours,False,1,79.0
DB09543,9.666666666666666,hours,False,3,9.666666666666666
DB09555,20.0,hours,False,1,20.0
DB09559,14.0,days,False,1,336.0
DB09561,2.06,hours,False,1,2.06
DB09568,20.35,hours,False,2,20.35
DB09570,9.5,days,False,1,228.0
DB09571,15.0,hours,False,1,15.0
DB10276,10.0,days,False,1,240.0
DB11060,48.6,minutes,False,2,0.81
DB11071,1.1,hours,False,1,1.1
DB11081,5.29,hours,False,1,5.29
DB11092,13.0,minutes,False,1,0.21666666666666667
DB11094,15.0,days,True,2,187.5
DB11095,2.0,hours,False,1,2.0
DB11098,0.0,hours,False,1,0.0
DB11104,10.0,minutes,False,1,0.16666666666666666
DB11121,4.463333333333334,hours,False,3,4.463333333333334
DB11130,3.0,hours,False,1,3.0
DB11133,20.0,hours,False,3,20.0
DB11135,5.266666666666667,days,False,3,126.39999999999999
DB11136,15.0,hours,False,1,15.0
DB11140,27.7,days,False,1,664.8
DB11148,245.0,hours,True,2,200.75
DB11155,10.0,hours,False,1,10.0
DB11156,1.75,hours,False,1,1.75
DB11164,6.02,hours,False,1,6.02
DB11166,14.649999999999999,hours,False,2,14.649999999999999
DB01015,10.0,hours,False,1,10.0
DB11186,2.3,hours,False,1,2.3
DB11228,4.2,minutes,False,1,0.07
DB11242,4.0,hours,False,1,4.0
DB11248,280.0,days,False,1,6720.0
DB11251,2.44,hours,False,1,2.44
DB11256,3.0,hours,False,1,3.0
DB11274,12.0,hours,False,1,12.0
DB11278,3.0,hours,False,1,3.0
DB11282,2.5,hours,False,1,2.5
DB11311,60.0,hours,False,1,60.0
DB11312,8.85,hours,False,2,8.85
DB11323,20.0,minutes,False,1,0.3333333333333333
DB11324,7.0,minutes,False,1,0.11666666666666667
DB11326,13.0,hours,False,1,13.0
DB11333,12.75,hours,False,2,12.75
DB00391,7.15,hours,False,1,7.15
DB14996,21.0,days,False,1,504.0
DB11345,167.0,minutes,False,1,2.783333333333333
DB11362,0.8,hours,False,1,0.8
DB11363,33.0,hours,False,1,33.0
DB11364,4.0,hours,False,1,4.0
DB11367,0.9,hours,False,1,0.9
DB11386,10.3,days,False,1,247.20000000000002
DB11431,20.2,days,False,1,484.79999999999995
DB11563,5.4,minutes,False,1,0.09000000000000001
DB11569,13.0,days,False,1,312.0
DB11574,24.0,hours,False,1,24.0
DB11575,31.0,hours,False,1,31.0
DB00864,18.616666666666667,hours,False,6,18.616666666666667
DB11580,40.45,days,False,2,970.8000000000001
DB11581,19.0,hours,False,1,19.0
DB11582,7.7,hours,False,1,7.7
DB11586,15.0,hours,False,1,15.0
DB11587,3.0,hours,False,1,3.0
DB11591,14.5,hours,False,1,14.5
DB11595,27.0,days,False,1,648.0
DB11597,17.0,days,False,2,408.0
DB11598,2.5,hours,False,1,2.5
DB11604,23.0,days,False,1,552.0
DB11606,2.9,hours,False,2,2.9
DB11613,15.0,hours,False,1,15.0
DB00820,25.0,hours,False,2,25.0
DB11619,24.0,hours,False,1,24.0
DB11621,21.0,days,False,2,504.0
DB11626,20.0,minutes,False,1,0.3333333333333333
DB11630,65.0,hours,False,1,65.0
DB11632,31.3,hours,False,2,31.3
DB11633,118.33333333333333,hours,False,3,118.33333333333333
DB11635,29.7,hours,False,1,29.7
DB11637,30.0,hours,False,1,30.0
DB11638,1.0,hours,False,1,1.0
DB09336,6.0,hours,False,3,6.0
DB11641,80.0,hours,False,2,80.0
DB11642,10.0,hours,False,1,10.0
DB11644,49.0,hours,False,1,49.0
DB11652,6.795,hours,False,2,6.795
DB11653,2.7,hours,False,1,2.7
DB11682,1.0,hours,False,1,1.0
DB09160,6.03,hours,False,1,6.03
DB01162,7.8,hours,False,3,7.8
DB11691,11.0,hours,False,1,11.0
DB11697,27.7,hours,False,1,27.7
DB11699,5.7,hours,False,1,5.7
DB11700,11.0,hours,False,1,11.0
DB11703,0.9,hours,False,1,0.9
DB11712,57.2,hours,False,1,57.2
DB11714,18.0,days,False,1,432.0
DB11718,3.5,hours,False,1,3.5
DB11723,10.0,hours,False,1,10.0
DB11730,32.6,hours,False,1,32.6
DB11732,5.7,hours,False,1,5.7
DB11737,5.5,hours,False,1,5.5
DB11739,6.949999999999999,hours,False,2,6.949999999999999
DB11751,23.3,hours,True,2,490.9
DB11753,3.0,hours,False,1,3.0
DB11757,64.0,hours,False,1,64.0
DB11760,90.0,hours,False,1,90.0
DB11763,4.0,hours,False,1,4.0
DB11767,0.0,days,False,2,0.0
DB11771,17.549999999999997,days,False,2,421.19999999999993
DB11791,6.5,hours,False,1,6.5
DB11793,36.0,hours,False,1,36.0
DB11796,11.0,hours,False,1,11.0
DB11799,17.3,hours,False,1,17.3
DB11800,57.5,days,True,2,103.5
DB11817,11.4,hours,False,2,11.4
DB11820,3.1,hours,False,3,3.1
DB11823,7.0,hours,False,1,7.0
DB11827,11.0,hours,False,1,11.0
DB11828,7.0,hours,False,1,7.0
DB11834,15.0,days,False,1,360.0
DB11837,4.0,hours,False,1,4.0
DB11842,0.0,minutes,False,1,0.0
DB11850,22.0,days,False,1,528.0
DB00208,10.25,hours,False,2,10.25
DB11855,22.3,hours,False,1,22.3
DB11859,9.0,hours,False,1,9.0
DB11866,12.8,days,False,1,307.20000000000005
DB11886,33.5,hours,False,1,33.5
DB11901,3.0,days,False,1,72.0
DB11915,15.0,hours,False,1,15.0
DB11921,1.1,hours,False,1,1.1
DB11928,21.0,minutes,False,1,0.35
DB11936,18.0,hours,False,2,18.0
DB11938,23.0,hours,False,1,23.0
DB11942,6.0,hours,False,1,6.0
DB11943,3.95,hours,False,2,3.95
DB11945,6.1,days,False,1,146.39999999999998
DB11951,18.0,hours,False,2,18.0
DB11952,5.2,hours,False,1,5.2
DB11963,70.0,hours,False,1,70.0
DB11967,3.5,hours,False,1,3.5
DB11973,50.0,hours,False,1,50.0
DB11976,3.3620000000000005,days,False,5,80.688
DB11978,17.4,hours,False,1,17.4
DB11979,4.0,hours,False,1,4.0
DB11986,20.0,hours,False,1,20.0
DB11988,26.0,days,False,1,624.0
DB11989,13.27,hours,False,1,13.27
DB11994,4.0,hours,False,1,4.0
DB11995,19.0,hours,False,1,19.0
DB12001,18.3,hours,False,1,18.3
DB12007,4.0,hours,False,1,4.0
DB12015,8.0,hours,False,1,8.0
DB12016,33.0,hours,False,1,33.0
DB12020,20.0,hours,False,2,20.0
DB12023,15.0,days,False,1,360.0
DB12026,33.0,hours,False,1,33.0
DB12034,21.0,days,False,1,504.0
DB12035,21.0,hours,False,1,21.0
DB12070,12.0,hours,False,1,12.0
DB12095,2.8,hours,False,2,2.8
DB12107,1.68,hours,False,1,1.68
DB12130,24.0,hours,False,1,24.0
DB12141,45.0,hours,False,1,45.0
DB12147,54.5,hours,False,2,54.5
DB12151,19.3,hours,False,1,19.3
DB12161,9.0,hours,False,1,9.0
DB12169,22.0,days,False,1,528.0
DB12184,5.0,hours,False,1,5.0
DB13881,16.8,days,False,1,403.20000000000005
DB16394,87.9,days,False,1,2109.6000000000004
DB01056,7.5,hours,False,2,7.5
DB00839,7.0,hours,False,1,7.0
DB12203,15.0,hours,False,1,15.0
DB12235,27.0,hours,False,1,27.0
DB12236,12.0,hours,False,1,12.0
DB12240,12.0,days,False,1,288.0
DB12243,4.5,hours,False,1,4.5
DB12245,8.0,hours,False,1,8.0
DB12249,6.0,hours,False,1,6.0
DB12250,178.5,hours,False,2,178.5
DB12255,9.2,hours,False,1,9.2
DB12265,15.0,hours,False,1,15.0
DB12267,25.0,hours,False,1,25.0
DB12274,24.8,days,False,1,595.2
DB12278,18.76666666666667,hours,False,3,18.76666666666667
DB00214,3.5,hours,False,1,3.5
DB12301,15.0,hours,False,1,15.0
DB12329,20.0,hours,False,1,20.0
DB12332,26.0,hours,False,1,26.0
DB12364,19.0,hours,False,1,19.0
DB12366,155.0,minutes,False,1,2.5833333333333335
DB12371,30.0,hours,False,1,30.0
DB12374,30.0,hours,False,1,30.0
DB12377,1.275,hours,False,2,1.275
DB12404,37.0,minutes,False,1,0.6166666666666667
DB12442,18.2,hours,False,1,18.2
DB12455,16.2,hours,False,1,16.2
DB12457,11.0,hours,False,1,11.0
DB12466,2.0,hours,False,1,2.0
DB12471,20.0,hours,False,1,20.0
DB12483,39.1,hours,False,1,39.1
DB12489,4.8,days,False,1,115.19999999999999
DB12498,17.0,days,False,1,408.0
DB12500,77.5,hours,False,2,77.5
DB12513,57.0,hours,False,1,57.0
DB12530,18.0,days,False,1,432.0
DB12532,1.0,hours,False,1,1.0
DB12543,7.0,hours,False,1,7.0
DB12548,9.6,hours,False,1,9.6
DB12598,8.0,minutes,False,1,0.13333333333333333
DB12612,17.0,hours,False,1,17.0
DB00072,13.9,days,False,3,333.59999999999997
DB12668,4.2,minutes,False,1,0.07
DB12674,51.0,hours,False,1,51.0
DB12688,1.4,hours,False,1,1.4
DB12713,21.0,hours,False,1,21.0
DB12783,1.5,hours,False,1,1.5
DB12808,2.0,hours,False,1,2.0
DB00287,31.0,minutes,False,2,0.5166666666666666
DB12834,17.0,hours,False,1,17.0
DB00656,7.475,hours,False,4,7.475
DB12839,53.5,hours,False,2,53.5
DB12865,3.0,days,False,1,72.0
DB12872,21.9,hours,False,1,21.9
DB12874,108.5,hours,False,2,108.5
DB12887,3.1,hours,False,1,3.1
DB12893,16.0,hours,False,1,16.0
DB12909,6.6,days,False,1,158.39999999999998
DB12917,23.0,days,False,1,552.0
DB12941,20.0,hours,False,1,20.0
DB12965,0.5,days,False,2,12.0
DB12978,26.6,hours,False,1,26.6
DB13007,2.9,days,False,2,69.6
DB13025,2.9,hours,False,1,2.9
DB13055,138.0,days,False,1,3312.0
DB13074,4.1,hours,False,1,4.1
DB13092,5.6,hours,False,1,5.6
DB13133,15.3,hours,False,2,15.3
DB13139,3.3,hours,False,1,3.3
DB13140,19.0,days,False,1,456.0
DB13144,1.75,hours,False,4,1.75
DB13146,109.7,minutes,False,1,1.8283333333333334
DB13148,30.3,hours,False,1,30.3
DB13150,5.0,hours,False,1,5.0
DB13152,18.8,hours,False,1,18.8
DB13155,20.0,hours,False,1,20.0
DB13156,50.0,minutes,False,1,0.8333333333333334
DB13161,99.0,days,False,2,2376.0
DB13164,8.0,hours,False,1,8.0
DB13165,0.455,hours,False,1,0.455
DB13167,1.5,hours,False,1,1.5
DB13174,4.0,hours,False,1,4.0
DB13192,14.8,hours,False,1,14.8
DB00685,9.25,hours,False,2,9.25
DB13209,5.0,days,False,1,120.0
DB13293,0.5,hours,False,1,0.5
DB13310,165.0,hours,False,1,165.0
DB13444,1.1,hours,False,1,1.1
DB13456,54.0,minutes,False,1,0.9
DB13501,3.5,hours,False,1,3.5
DB13609,17.0,hours,False,1,17.0
DB14738,19.0,hours,False,1,19.0
DB13729,3.8,hours,False,1,3.8
DB13751,3.5,hours,False,1,3.5
DB13761,123.77,minutes,False,1,2.0628333333333333
DB13783,4.5,hours,False,1,4.5
DB13848,1.0,hours,False,1,1.0
DB13853,3.78,hours,False,1,3.78
DB13867,14.657142857142857,hours,False,7,14.657142857142857
DB13872,11.0,hours,False,1,11.0
DB13873,20.0,hours,False,1,20.0
DB13874,137.0,hours,False,1,137.0
DB13878,13.0,hours,False,1,13.0
DB13879,6.0,hours,False,1,6.0
DB00577,2.5,hours,False,1,2.5
DB13884,92.0,hours,False,1,92.0
DB13886,16.0,days,False,2,384.0
DB13891,15.0,hours,False,1,15.0
DB13892,12.0,hours,False,1,12.0
DB13893,12.0,hours,False,1,12.0
DB13894,12.0,hours,False,1,12.0
DB13896,84.0,days,False,1,2016.0
DB13897,7.535,hours,False,2,7.535
DB13898,37.6,hours,False,2,37.6
DB13899,13.2,hours,False,2,13.2
DB13900,9.42,hours,False,2,9.42
DB13901,16.15,hours,False,2,16.15
DB13902,7.64,hours,False,2,7.64
DB13903,45.650000000000006,hours,False,2,45.650000000000006
DB13905,159.0,hours,False,1,159.0
DB13909,21.0,days,False,1,504.0
DB13923,27.8,days,False,1,667.2
DB13925,68.0,minutes,False,1,1.1333333333333333
DB13928,168.0,hours,False,1,168.0
DB00313,10.0,hours,False,3,10.0
DB13941,24.0,days,False,1,576.0
DB13943,8.0,days,False,1,192.0
DB13944,7.0,days,False,1,168.0
DB13946,12.975,days,True,4,455.9416666666666
DB13959,14.0,minutes,False,2,0.23333333333333334
DB13961,41.5,hours,False,2,41.5
DB13967,24.0,hours,False,1,24.0
DB13975,2.0,hours,False,1,2.0
DB13979,23.0,hours,False,1,23.0
DB13985,37.25,hours,False,2,37.25
DB13995,1.48,hours,False,1,1.48
DB13997,79.1,hours,False,1,79.1
DB13998,8.4,hours,False,1,8.4
DB13999,11.2,hours,False,1,11.2
DB14003,48.0,hours,False,1,48.0
DB14004,23.0,days,False,1,552.0
DB14006,2.0,hours,False,1,2.0
DB14007,18.5,minutes,False,1,0.30833333333333335
DB14009,3.15,days,False,2,75.6
DB14011,24.0,hours,False,1,24.0
DB14012,19.0,days,False,1,456.0
DB14018,21.35,hours,False,1,21.35
DB14019,80.0,hours,False,1,80.0
DB14033,10.0,hours,False,1,10.0
DB14040,27.0,days,False,1,648.0
DB14041,31.0,days,False,1,744.0
DB14112,26.0,days,False,1,624.0
DB14114,133.0,hours,False,1,133.0
DB00177,6.0,hours,False,1,6.0
DB14126,32.0,hours,False,1,32.0
DB14146,4.53,hours,False,1,4.53
DB14183,12.0,minutes,False,1,0.2
DB14185,29.2,days,False,1,700.8
DB14187,3.3,hours,False,1,3.3
DB14189,0.55,hours,False,1,0.55
DB14487,280.0,days,False,1,6720.0
DB14500,1.6,hours,False,1,1.6
DB14505,13.0,hours,False,1,13.0
DB14509,12.5,hours,False,2,12.5
DB14512,5.4,hours,False,2,5.4
DB14513,521.0,days,True,2,1004.0
DB14526,15.0,hours,False,1,15.0
DB14533,4.5,days,False,1,108.0
DB14538,6.0,hours,False,1,6.0
DB14539,6.0,hours,False,1,6.0
DB14540,6.0,hours,False,1,6.0
DB14541,6.0,hours,False,1,6.0
DB14542,6.0,hours,False,1,6.0
DB14543,6.0,hours,False,1,6.0
DB14544,6.0,hours,False,1,6.0
DB14562,5.0,hours,False,1,5.0
DB14568,95.0,hours,False,3,95.0
DB14569,12.0,hours,False,1,12.0
DB14580,5.0,days,False,1,120.0
DB14582,3.2,days,False,1,76.80000000000001
DB14583,4.5,hours,False,1,4.5
DB14597,13.8,days,False,1,331.20000000000005
DB14598,20.0,minutes,False,1,0.3333333333333333
DB14631,2.0,hours,False,1,2.0
DB14638,3.0,hours,False,1,3.0
DB14639,14.0,days,False,1,336.0
DB14669,12.47,hours,False,1,12.47
DB14700,18.6,hours,False,1,18.6
DB14707,20.3,days,False,1,487.20000000000005
DB14713,32.3,days,False,1,775.1999999999999
DB14723,2.9,hours,False,1,2.9
DB14724,12.25,days,False,2,294.0
DB14730,16.1,days,False,1,386.40000000000003
DB14731,0.7,hours,False,1,0.7
DB00512,6.75,days,True,2,93.0
DB14740,2.0,minutes,False,1,0.03333333333333333
DB00781,21.0,hours,False,3,21.0
DB14751,13.0,hours,False,1,13.0
DB14754,6.366666666666667,hours,False,3,6.366666666666667
DB14761,1.0,hours,False,1,1.0
DB14762,24.5,days,False,2,588.0
DB14766,30.0,hours,False,1,30.0
DB14782,4.0,weeks,False,1,672.0
DB14783,1.0,hours,False,1,1.0
DB14805,3.47,hours,False,1,3.47
DB14845,7.0,hours,False,1,7.0
DB14851,26.2,days,False,1,628.8
DB14864,105.5,hours,False,2,105.5
DB14879,2.0,hours,False,1,2.0
DB14881,1.3,hours,False,1,1.3
DB14895,45.4,hours,False,2,45.4
DB14901,9.0,hours,False,1,9.0
DB14914,17.0,minutes,False,1,0.2833333333333333
DB14921,14.5,days,False,2,348.0
DB14924,1.3,hours,False,1,1.3
DB14939,2.0,hours,False,1,2.0
DB00661,8.66,hours,True,5,8.266666666666667
DB14962,5.8,days,False,1,139.2
DB14967,19.2,days,False,1,460.79999999999995
DB14984,3.5,hours,False,1,3.5
DB14989,91.0,hours,False,1,91.0
DB14992,53.0,hours,False,1,53.0
DB01080,8.125,hours,False,4,8.125
DB14999,8.0,minutes,False,1,0.13333333333333333
DB15001,36.4,hours,False,1,36.4
DB15005,2.5666666666666664,hours,False,3,2.5666666666666664
DB15011,97.6,hours,False,1,97.6
DB15031,8.0,hours,False,1,8.0
DB15035,2.0,hours,False,1,2.0
DB15044,17.0,days,False,1,408.0
DB15066,6.0,hours,False,1,6.0
DB15067,2.0,weeks,False,1,336.0
DB15090,26.0,days,False,1,624.0
DB15091,8.0,hours,False,1,8.0
DB15093,2.0,days,False,1,48.0
DB15102,15.4,hours,False,1,15.4
DB15119,7.0,days,False,1,168.0
DB15133,32.0,hours,False,1,32.0
DB15149,2.9,hours,False,1,2.9
DB15165,12.0,days,False,1,288.0
DB15171,5.0,days,False,1,120.0
DB15226,30.0,minutes,False,1,0.5
DB15233,32.0,hours,False,1,32.0
DB15258,89.0,hours,False,1,89.0
DB15270,80.0,hours,False,1,80.0
DB15271,9.1,days,False,2,218.39999999999998
DB15283,7.5,hours,False,1,7.5
DB15303,7.5,days,False,1,180.0
DB09082,12.7,hours,False,4,12.7
DB15328,5.0,hours,False,1,5.0
DB15395,22.0,days,False,1,528.0
DB15413,0.44,hours,False,1,0.44
DB15434,11.05,days,False,2,265.20000000000005
DB15442,14.0,hours,False,1,14.0
DB15444,24.7,hours,False,1,24.7
DB15456,30.0,hours,False,1,30.0
DB15463,14.0,hours,False,1,14.0
DB15489,38.7,hours,False,2,38.7
DB15494,39.333333333333336,minutes,False,3,0.6555555555555556
DB15566,2.0,hours,False,1,2.0
DB15568,23.0,hours,False,1,23.0
DB15569,5.5,hours,False,1,5.5
DB15575,1.19,hours,False,1,1.19
DB15593,3.4,hours,False,1,3.4
DB15598,0.7,hours,False,1,0.7
DB15617,1.0,days,False,1,24.0
DB15622,1.0,hours,False,1,1.0
DB15626,25.5,days,False,1,612.0
DB15627,25.4,days,False,1,609.5999999999999
DB15636,89.5,days,True,2,170.0
DB15669,9.6,hours,False,1,9.6
DB15673,9.0,days,True,2,792.0
DB15685,32.0,hours,False,1,32.0
DB15688,6.55,hours,False,1,6.55
DB15694,6.7,hours,False,1,6.7
DB15719,13.0,days,False,2,312.0
DB15762,30.0,days,False,1,720.0
DB15766,19.0,days,False,1,456.0
DB15822,18.45,hours,False,2,18.45
DB15873,12.7,hours,False,1,12.7
DB15874,98.5,minutes,False,2,1.6416666666666666
DB15898,21.2,days,False,1,508.79999999999995
DB15935,5.2,hours,False,1,5.2
DB15965,8.2,days,False,1,196.79999999999998
DB15982,93.0,hours,False,1,93.0
DB16019,68.0,minutes,False,1,1.1333333333333333
DB16098,11.0,hours,False,1,11.0
DB16099,1.6,hours,False,1,1.6
DB16165,10.566666666666666,hours,False,3,10.566666666666666
DB16217,10.0,hours,False,1,10.0
DB16220,30.7,hours,False,1,30.7
DB16222,7.06,days,False,1,169.44
DB16226,1.6,hours,False,1,1.6
DB16258,69.0,days,False,1,1656.0
DB00361,27.7,hours,False,1,27.7
DB16267,67.0,hours,False,1,67.0
DB16310,152.0,hours,False,1,152.0
DB16371,6.54,days,False,1,156.96
DB16385,23.46666666666667,days,False,3,563.2
DB16390,18.0,hours,False,1,18.0
DB16393,82.9,days,False,1,1989.6000000000001
DB00163,28.0,hours,True,2,22.1
DB16405,17.0,days,False,1,408.0
DB16416,95.0,hours,False,1,95.0
DB16627,2.1,minutes,False,1,0.035
DB16628,1.2,hours,False,1,1.2
DB16650,10.0,hours,False,1,10.0
DB16655,3.8,days,False,1,91.19999999999999
DB11693,30.0,hours,False,1,30.0
DB14975,51.625,hours,True,4,396.625
DB16672,22.0,days,False,1,528.0
DB16678,10.3,days,False,2,247.2
DB16691,6.05,hours,False,1,6.05
DB16694,8.0,days,False,1,192.0
DB16695,11.3,days,False,1,271.20000000000005
DB16699,5.2,hours,False,1,5.2
DB16701,39.2,hours,False,1,39.2
DB16703,19.0,hours,False,1,19.0
DB16704,2.52,hours,False,1,2.52
DB16708,1.6,hours,False,1,1.6
DB16732,4.04,days,False,1,96.96000000000001
DB16755,11.5,days,False,1,276.0
DB00425,2.55,hours,False,2,2.55
DB16778,41.6,hours,False,1,41.6
DB17083,15.0,hours,False,1,15.0
DB17084,1.5,hours,False,1,1.5
DB17449,12.0,hours,False,1,12.0
DB17472,19.0,hours,False,1,19.0
DB17635,15.0,hours,False,1,15.0
DB17992,264.0,hours,False,1,264.0
DB01610,4.08,hours,False,1,4.08
DB15490,19.7,hours,False,1,19.7
